Date,Open,High,Low,Close,Volume,Dividends,Stock Splits,Daily_Return,50_Day_MA,200_Day_MA
2023-09-18 00:00:00-04:00,81.868364306629,83.20436796918717,81.61767829446232,82.58931732177734,16541000,0.0,0.0,,,
2023-09-19 00:00:00-04:00,82.1996861347267,82.68939005174208,81.4719279959869,82.51158142089844,13126000,0.0,0.0,-0.09412343315060578,,
2023-09-20 00:00:00-04:00,83.0381464711258,83.0381464711258,81.11945730849135,81.14094543457031,13681000,0.46,0.0,-1.661143760336381,,
2023-09-21 00:00:00-04:00,77.67676083684442,80.35257324543554,77.67480804816944,78.97119140625,53654000,0.0,0.0,-2.6740556407121696,,
2023-09-22 00:00:00-04:00,79.25253536542768,81.14191769871931,79.16852074703243,80.99537658691406,27764000,0.0,0.0,2.5631944315631428,,
2023-09-25 00:00:00-04:00,80.88987702759053,81.9215157624253,80.40238799880785,81.46528625488281,15648000,0.0,0.0,0.5801685080931707,,
2023-09-26 00:00:00-04:00,81.00417497375979,81.11163796334957,79.24960949558104,79.73612213134766,17641000,0.0,0.0,-2.1225778525163053,,
2023-09-27 00:00:00-04:00,80.03605029840183,80.46784765205054,78.58237800680851,79.79669952392578,15352000,0.0,0.0,0.07597233344047716,,
2023-09-28 00:00:00-04:00,80.12493934375605,81.95082640177517,79.58860821914307,81.28064727783203,16180000,0.0,0.0,1.8596605658625087,,
2023-09-29 00:00:00-04:00,81.7153784437639,82.45687158953997,80.3926176975733,81.14192199707031,16481000,0.0,0.0,-0.1706744291633533,,
2023-10-02 00:00:00-04:00,80.9934233718541,81.92151210613709,80.45025008424653,81.56884002685547,14676000,0.0,0.0,0.5261374383029427,,
2023-10-03 00:00:00-04:00,80.79217639082422,81.64699086423,79.02491037367535,79.60325622558594,18761000,0.0,0.0,-2.4097238610018112,,
2023-10-04 00:00:00-04:00,80.14057349212139,81.14192920246694,79.74687044013089,80.48054504394531,16417000,0.0,0.0,1.1020765480663774,,
2023-10-05 00:00:00-04:00,80.11908637645445,80.95142898901132,79.66676239368118,80.48543548583984,11474000,0.0,0.0,0.006076551658362739,,
2023-10-06 00:00:00-04:00,80.04972309974958,82.88184045073463,79.29943489541205,82.57606506347656,21103000,0.0,0.0,2.5975253348843763,,
2023-10-09 00:00:00-04:00,82.10713619350075,83.68488504218006,81.85020287696145,83.61356353759766,15760000,0.0,0.0,1.2564154919752601,,
2023-10-10 00:00:00-04:00,83.73762519756309,85.24209961835155,83.59792629060281,83.86072540283203,14718000,0.0,0.0,0.2956002050112705,,
2023-10-11 00:00:00-04:00,83.98772596917284,85.514664951027,83.6790139603406,85.43846893310547,14334000,0.0,0.0,1.8813855028019466,,
2023-10-12 00:00:00-04:00,85.62115597559743,89.67542085815502,85.62115597559743,88.47086334228516,43871000,0.0,0.0,3.549214360985231,,
2023-10-13 00:00:00-04:00,88.80301475508507,90.4550066522621,86.17409201891567,86.28057861328125,28312000,0.0,0.0,-2.4757130723704,,
2023-10-16 00:00:00-04:00,87.04160711259652,89.46635166206065,87.04160711259652,88.17485046386719,21150000,0.0,0.0,2.1954788447539952,,
2023-10-17 00:00:00-04:00,86.4730318455628,87.2379658831936,84.60220841117837,86.39976501464844,33008000,0.0,0.0,-2.013142568295201,,
2023-10-18 00:00:00-04:00,85.96502534442146,87.49685355900542,85.50097726836113,86.65669250488281,20404000,0.0,0.0,0.2973705891339051,,
2023-10-19 00:00:00-04:00,86.65572717919093,86.89702326549447,84.56997764267713,84.78099060058594,26620000,0.0,0.0,-2.164520535088721,,
2023-10-20 00:00:00-04:00,85.47168404385077,85.47168404385077,83.21888158242074,83.39375305175781,26953000,0.0,0.0,-1.636260132136902,,
2023-10-23 00:00:00-04:00,83.81675046010918,85.34467311418732,82.33767732614513,84.23292541503906,16456000,0.0,0.0,1.0062772480816662,,
2023-10-24 00:00:00-04:00,84.40682663440417,86.26299673356705,84.32085177085439,86.07835388183594,14972000,0.0,0.0,2.1908635580492275,,
2023-10-25 00:00:00-04:00,85.6836770058813,85.84584788896358,82.65616917699252,83.00297546386719,21432000,0.0,0.0,-3.572766298703245,,
2023-10-26 00:00:00-04:00,82.83493646658064,83.47091934566372,79.9461514924219,80.76775360107422,27917000,0.0,0.0,-2.6929418497364632,,
2023-10-27 00:00:00-04:00,81.08525718402205,82.08270717772108,80.94262164858834,81.90196990966797,18236000,0.0,0.0,1.4042934934105578,,
2023-10-30 00:00:00-04:00,82.16966517407857,82.9834488578145,80.80684228556682,82.18431854248047,20889000,0.0,0.0,0.3447397335178959,,
2023-10-31 00:00:00-04:00,82.44221515717773,82.59950406065393,81.33926240465871,82.19602966308594,14747000,0.0,0.0,0.014249823826695263,,
2023-11-01 00:00:00-04:00,82.25758316061282,83.41329861819271,81.62941876480623,83.32634735107422,18684000,0.0,0.0,1.3751487664566575,,
2023-11-02 00:00:00-04:00,84.21143389558124,86.01876187943455,84.01605071248986,85.11997985839844,18759000,0.0,0.0,2.1525394600188097,,
2023-11-03 00:00:00-04:00,85.72567964044659,86.70261046255993,85.09653893385335,86.23172760009766,18041000,0.0,0.0,1.3060949304131375,,
2023-11-06 00:00:00-05:00,86.1223165482988,86.54532630567651,85.11119696772116,86.0510025024414,12870000,0.0,0.0,-0.20958074560951667,,
2023-11-07 00:00:00-05:00,86.19656187960686,88.09669201674153,85.59476766773955,87.71080017089844,19365000,0.0,0.0,1.9288533778673234,,
2023-11-08 00:00:00-05:00,87.92377773142552,89.1849958342024,87.82608613573547,89.01110076904297,15280000,0.0,0.0,1.4824863022694812,,
2023-11-09 00:00:00-05:00,89.14494587565002,90.83503963585318,88.76003783849798,89.03553009033203,24486000,0.0,0.0,0.027445252421332,,
2023-11-10 00:00:00-05:00,90.04763648859957,93.68278973931521,89.70277551205704,93.5430908203125,36272000,0.0,0.0,5.062653892673263,,
2023-11-13 00:00:00-05:00,92.81330571873343,93.0428850474341,91.87838225029316,92.50850677490234,16893000,0.0,0.0,-1.1059972856760636,,
2023-11-14 00:00:00-05:00,94.01396317695897,95.42367514804604,93.32131957220092,95.05146026611328,23886000,0.0,0.0,2.748886107737758,,
2023-11-15 00:00:00-05:00,95.69135488496698,95.91019390550582,94.46042731976185,95.28984069824219,16099000,0.0,0.0,0.2507909204777281,,
2023-11-16 00:00:00-05:00,94.17613560327439,94.63529429615842,92.85923323245079,93.74140167236328,26198000,0.0,0.0,-1.6249780821676496,,
2023-11-17 00:00:00-05:00,93.61048376663781,96.11924279370221,92.90611601586859,95.5174560546875,19789000,0.0,0.0,1.8946317749031882,,
2023-11-20 00:00:00-05:00,95.05538053566859,97.6803904327774,95.05538053566859,97.27398681640625,18674000,0.0,0.0,1.83896309038325,,
2023-11-21 00:00:00-05:00,95.25074558046029,96.81383324802576,94.92152189420021,95.8564453125,43344000,0.0,0.0,-1.4572667886859625,,
2023-11-22 00:00:00-05:00,96.09971816283527,96.51979874465255,94.85998814998511,94.95767974853516,33743000,0.0,0.0,-0.9376162041423441,,
2023-11-24 00:00:00-05:00,95.24685113129976,95.7255451549858,94.44479174805564,95.62882995605469,23158000,0.0,0.0,0.7067887603160239,,
2023-11-27 00:00:00-05:00,95.36311020518785,95.83789869460527,92.74298223816453,92.8318862915039,96962000,0.0,0.0,-2.9247912641366502,86.00929763793945,
2023-11-28 00:00:00-05:00,91.8256393639825,92.89244317604707,91.26097048392931,92.45185089111328,39025000,0.0,0.0,-0.40938024160929176,86.20654830932617,
2023-11-29 00:00:00-05:00,92.64627228627249,93.72968987702212,91.76996209578127,91.91259765625,34843000,0.0,0.0,-0.5832800854343012,86.3945686340332,
2023-11-30 00:00:00-05:00,91.92919763097666,92.06792015137741,89.71840249282991,90.43742370605469,49571000,0.0,0.0,-1.604974712729168,86.5804981994629,
2023-12-01 00:00:00-05:00,90.11797233927064,91.2355785756785,88.70533105516581,90.85457611083984,29612000,0.0,0.0,0.46126082288788783,86.81816589355469,
2023-12-04 00:00:00-05:00,89.94016950158547,90.94933632107976,89.52985285808539,90.26548767089844,25009000,0.0,0.0,-0.6483860969454525,87.00356811523437,
2023-12-05 00:00:00-05:00,89.05702653616403,89.61094022802155,88.49528678329153,89.20551300048828,37066000,0.0,0.0,-1.1742856519811329,87.15837265014649,
2023-12-06 00:00:00-05:00,89.91280605613252,89.97239591314138,88.22661807102052,88.27937316894531,24813000,0.0,0.0,-1.0382091872930488,87.32923767089844,
2023-12-07 00:00:00-05:00,88.46500122226367,90.28014049722941,88.27938196687322,90.09842681884766,43517000,0.0,0.0,2.060564755507621,87.53527221679687,
2023-12-08 00:00:00-05:00,90.64354748886373,92.87974360698638,88.95248491966841,92.25157928466797,69668000,0.0,0.0,2.3897780925181467,87.75469085693359,
2023-12-11 00:00:00-05:00,93.49325100462327,101.55293010736666,93.40337802190835,100.54962921142578,101184000,0.0,0.0,8.995022081033287,88.1428450012207,
2023-12-12 00:00:00-05:00,100.4275135695223,105.44893732236753,100.09437682514094,104.75433349609375,90242000,0.0,0.0,4.1817203282040305,88.60655487060546,
2023-12-13 00:00:00-05:00,104.33621558975165,107.44089568446533,103.80280622882084,106.4551773071289,71654000,0.0,0.0,1.6236500718116664,89.14359329223633,
2023-12-14 00:00:00-05:00,106.69844005443528,109.55889506761275,106.51282080052046,108.09642791748047,66964000,0.0,0.0,1.541729253445756,89.69591094970703,
2023-12-15 00:00:00-05:00,106.99542142352949,112.33532122402447,106.93680050544589,110.36778259277344,118544000,0.0,0.0,2.101230095250606,90.29355789184571,
2023-12-18 00:00:00-05:00,109.49441616991034,112.52485323308653,109.28339575810803,112.05397033691406,54741000,0.0,0.0,1.5277898173982507,90.88311599731445,
2023-12-19 00:00:00-05:00,112.07850461133215,112.90878913570197,111.14713663192258,111.84100341796875,36020000,0.525,0.0,-0.1900574502670338,91.44766479492188,
2023-12-20 00:00:00-05:00,111.16577335006004,112.01569046987036,108.86532372444827,108.9752426147461,34523000,0.0,0.0,-2.562352550175917,91.94995513916015,
2023-12-21 00:00:00-05:00,111.16087242860712,111.4327270114147,109.42866148041891,110.63482666015625,24106000,0.0,0.0,1.5229000694012562,92.45388229370117,
2023-12-22 00:00:00-05:00,110.70254552586887,111.09707798186285,109.28438962385894,110.11369323730469,19089000,0.0,0.0,-0.47103921846631813,92.88673889160157,
2023-12-26 00:00:00-05:00,110.3355080504155,111.44058986102695,110.21577282147605,111.08629608154297,16793000,0.0,0.0,0.8832714766384475,93.3828532409668,
2023-12-27 00:00:00-05:00,111.48965045202205,111.84002067669773,110.20987403116591,110.52490997314453,20055000,0.0,0.0,-0.505360362349605,93.82985443115234,
2023-12-28 00:00:00-05:00,111.06665329976607,111.12063186187696,109.82613474272348,110.15589141845703,21247000,0.0,0.0,-0.33387817712510204,94.30497695922851,
2023-12-29 00:00:00-05:00,110.06267087827858,110.34924622360003,109.39628380167319,109.55134582519531,20558000,0.0,0.0,-0.5488091335625334,94.76287002563477,
2024-01-02 00:00:00-05:00,107.18316550982563,108.1528104047431,105.70808837453009,106.52169036865234,28831000,0.0,0.0,-2.765511855397207,95.19768402099609,
2024-01-03 00:00:00-05:00,105.03188806702614,105.50297441012698,103.57055075100266,103.8914794921875,34735000,0.0,0.0,-2.4691786877979127,95.60763854980469,
2024-01-04 00:00:00-05:00,103.83061784639439,104.96317924739402,102.79129282166326,102.9522476196289,25658000,0.0,0.0,-0.9040509165424093,95.98202499389649,
2024-01-05 00:00:00-05:00,103.20644448463095,103.5852678258334,102.2161860591431,102.97875213623047,22475000,0.0,0.0,0.02574447592391671,96.32003295898437,
2024-01-08 00:00:00-05:00,103.68733294423778,105.79739371872645,103.24568813785866,105.48824310302734,33110000,0.0,0.0,2.4369017051955266,96.76973831176758,
2024-01-09 00:00:00-05:00,104.58238785504366,106.83279742524714,104.49308250069606,106.23805236816406,23225000,0.0,0.0,0.7107988938676257,97.27914428710938,
2024-01-10 00:00:00-05:00,106.02803464938643,106.28418011551433,104.28600737203087,106.04962158203125,17643000,0.0,0.0,-0.17736656681149876,97.76209732055663,
2024-01-11 00:00:00-05:00,106.41765669880122,108.08411101625214,105.45487799172683,107.9545669555664,25757000,0.0,0.0,1.7962773889406591,98.27750228881835,
2024-01-12 00:00:00-05:00,109.1440487590813,109.49638074719331,107.95750873510599,108.71025848388672,26882000,0.0,0.0,0.7000088552356898,98.80778686523438,
2024-01-16 00:00:00-05:00,109.1676021902389,110.53177949962112,107.82206916155462,109.42473602294922,26145000,0.0,0.0,0.6572310185136709,99.32975463867187,
2024-01-17 00:00:00-05:00,108.5738376281988,109.24316730291748,106.9957153314046,108.31670379638672,18314000,0.0,0.0,-1.0125975778731755,99.79368911743164,
2024-01-18 00:00:00-05:00,110.40026705219037,112.52504866639144,110.10388288807593,112.26595306396484,32228000,0.0,0.0,3.646020538994521,100.31437362670898,
2024-01-19 00:00:00-05:00,113.58106846021752,119.43917662205523,113.45249779366813,118.86995697021484,53077000,0.0,0.0,5.882463673102478,100.97075271606445,
2024-01-22 00:00:00-05:00,119.3655765415471,120.84556565197649,118.57749246730837,119.78268432617188,31222000,0.0,0.0,0.7678368691474535,101.61219039916992,
2024-01-23 00:00:00-05:00,119.83174850200072,120.41863904501524,118.11621999544644,120.3528823852539,16952000,0.0,0.0,0.4760271171827757,102.23902603149413,
2024-01-24 00:00:00-05:00,121.92218172530309,126.06869237354715,120.8141498348959,123.05768585205078,34805000,0.0,0.0,2.2473940076804366,102.91946914672852,
2024-01-25 00:00:00-05:00,125.72029005667967,125.72029005667967,120.59725340200224,120.71502685546875,36356000,0.0,0.0,-1.9037079889496322,103.46290786743164,
2024-01-26 00:00:00-05:00,119.70415822077905,119.85235404441623,117.79332911787198,118.24968719482422,25818000,0.0,0.0,-2.042280671151464,103.97773147583008,
2024-01-29 00:00:00-05:00,119.23406520159259,120.09379125478337,118.26049671019285,119.51475524902344,21526000,0.0,0.0,1.0698278229818392,104.46699737548828,
2024-01-30 00:00:00-05:00,119.4166071223298,120.51874621879638,118.19179015206056,118.57160186767578,20683000,0.0,0.0,-0.7891522510191207,104.93263259887695,
2024-01-31 00:00:00-05:00,116.7353591752575,117.4979252703991,115.24948480374266,115.80791473388672,27400000,0.0,0.0,-2.3308170677101114,105.37396286010743,
2024-02-01 00:00:00-05:00,116.52926336404413,118.07402074800426,115.72057324814962,117.77174377441406,19411000,0.0,0.0,1.6957640978511712,105.81904861450195,
2024-02-02 00:00:00-05:00,118.62950171299022,121.17531463890569,118.27618884413911,120.15953826904297,26689000,0.0,0.0,2.0274765560087227,106.27675964355468,
2024-02-05 00:00:00-05:00,120.41667153402467,122.45705221879916,119.94460433138433,122.00068664550781,22045000,0.0,0.0,1.5322532051866178,106.79964447021484,
2024-02-06 00:00:00-05:00,124.00967648965434,124.84780813351627,118.94258722630983,119.99369049072266,25354000,0.0,0.0,-1.6450695565483175,107.3003646850586,
2024-02-07 00:00:00-05:00,121.10760439976879,123.61120953826637,120.3911622873797,123.37076568603516,25768000,0.0,0.0,2.8143773072581757,107.85520339965821,
2024-02-08 00:00:00-05:00,124.34628682904503,127.18947227714447,124.15098611471439,125.10787200927734,29326000,0.0,0.0,1.408037239278337,108.50072311401367,
2024-02-09 00:00:00-05:00,122.87709886550262,126.18645113898216,122.57874545401445,125.9597396850586,26293000,0.0,0.0,0.6809065345768861,109.17088088989257,
2024-02-12 00:00:00-05:00,126.60455502000943,126.61044032332255,123.56115685444115,124.15000915527344,24778000,0.0,0.0,-1.4367531516896515,109.81562911987305,
2024-02-13 00:00:00-05:00,121.2175210996943,123.25397087171915,120.42943703667582,122.83981323242188,31907000,0.0,0.0,-1.0553329248755072,110.4636769104004,
2024-02-14 00:00:00-05:00,124.56613673977155,124.93515124970727,121.8260038956973,123.8771743774414,27306000,0.0,0.0,0.844482841289218,111.12412887573242,
2024-02-15 00:00:00-05:00,125.61724736531974,125.6221517850649,122.17245032529281,124.15689086914062,21873000,0.0,0.0,0.22580147884787571,111.80195693969726,
2024-02-16 00:00:00-05:00,123.56508052974667,125.1981698366906,121.9310103389161,122.23426818847656,21268000,0.0,0.0,-1.5485428695943049,112.46253204345703,
2024-02-20 00:00:00-05:00,121.29013888028096,121.47268810692714,119.00342154150783,120.37643432617188,26329000,0.0,0.0,-1.5198960895646985,113.10447326660156,
2024-02-21 00:00:00-05:00,119.53732303114336,120.52365043933058,118.02985426537698,120.46476745605469,20579000,0.0,0.0,0.07338074962701668,113.7118000793457,
2024-02-22 00:00:00-05:00,125.7899823547729,128.66260961801882,125.27571462577588,128.06590270996094,40819000,0.0,0.0,6.3098409721158655,114.42808654785156,
2024-02-23 00:00:00-05:00,128.4064257492345,129.51052644527695,126.48774229818409,127.22870635986328,23115000,0.0,0.0,-0.6537230694369178,114.96166809082031,
2024-02-26 00:00:00-05:00,128.56640737459023,129.4290759973972,127.72826833557932,128.48101806640625,16282000,0.0,0.0,0.9842996461826958,115.43620178222656,
2024-02-27 00:00:00-05:00,128.48102543597037,128.75681105324762,126.82144475111575,127.21499633789062,12126000,0.0,0.0,-0.9853764762832729,115.8513981628418,
2024-02-28 00:00:00-05:00,126.8979972303289,127.43974464460199,125.91362408840018,126.54664611816406,10967000,0.0,0.0,-0.5253706237206335,116.22040252685547,
2024-02-29 00:00:00-05:00,127.90982325482577,128.40937015245936,126.3366054424869,127.63306427001953,27536000,0.0,0.0,0.8585120073755448,116.56570816040039,
2024-03-01 00:00:00-05:00,130.12981745588496,138.16080025950276,129.54783136147364,137.31776428222656,44488000,0.0,0.0,7.587924075628361,117.07098403930664,
2024-03-04 00:00:00-05:00,137.70838380288922,141.14532639916044,135.9457427749079,137.62103271484375,34854000,0.0,0.0,0.2208515658570498,117.58658462524414,
2024-03-05 00:00:00-05:00,136.90848851218533,136.90848851218533,130.76183668134902,131.78054809570312,36040000,0.0,0.0,-4.243889545024948,118.04269073486329,
2024-03-06 00:00:00-05:00,136.57285717474298,136.89181663288423,132.20355137524504,132.49209594726562,43196000,0.0,0.0,0.5399490758269954,118.47983612060547,
2024-03-07 00:00:00-05:00,135.6316846672063,138.80363858938705,134.73858612693937,138.0872039794922,62832000,0.0,0.0,4.222974957278591,119.03930633544923,
2024-03-08 00:00:00-05:00,136.83491639602374,138.67508467737068,127.74007035953136,128.4407958984375,74025000,0.0,0.0,-6.985736406457555,119.38639633178711,
2024-03-11 00:00:00-04:00,125.41899591323414,127.48881078940404,122.92912310357971,126.90977478027344,31105000,0.0,0.0,-1.1920053184462431,119.71409362792969,
2024-03-12 00:00:00-04:00,128.2719679810154,128.34951021268697,123.58862235000107,126.7880630493164,42789000,0.0,0.0,-0.09590414226781085,120.04673706054687,
2024-03-13 00:00:00-04:00,125.90478722262262,125.90478722262262,122.90948982338625,123.45025634765625,37838000,0.0,0.0,-2.6325875018390787,120.3247152709961,
2024-03-14 00:00:00-04:00,123.90857128775694,124.94790382517081,122.45312685963445,123.88207244873047,38029000,0.0,0.0,0.34978955398694556,120.67192291259765,
2024-03-15 00:00:00-04:00,123.01745525287193,124.38261358804651,120.72190977581323,121.25482177734375,88823000,0.0,0.0,-2.1207674520250075,121.01918975830078,
2024-03-18 00:00:00-04:00,123.06848085143054,123.94194670056937,120.88186608932924,121.42557525634766,25737000,0.0,0.0,0.1408220114474723,121.38865631103516,
2024-03-19 00:00:00-04:00,119.43427243219209,121.7229516013165,118.16529320407415,121.50115203857422,24491000,0.0,0.0,0.06224123877280885,121.75910430908203,
2024-03-20 00:00:00-04:00,122.1181370878279,126.94462875988746,120.89302923285203,125.76289367675781,40946000,0.525,0.0,3.507573028468558,122.16459732055664,
2024-03-21 00:00:00-04:00,130.91956940708437,138.34016343485047,129.7053122594174,132.85923767089844,72468000,0.0,0.0,5.642637336558121,122.69702102661132,
2024-03-22 00:00:00-04:00,133.0563417485325,135.6405856907208,132.67689018799274,133.39834594726562,38624000,0.0,0.0,0.4057740250644759,123.24399551391602,
2024-03-25 00:00:00-04:00,132.5665285892741,133.88821016690588,131.82140114203924,133.21209716796875,21237000,0.0,0.0,-0.13961850724183433,123.74914611816406,
2024-03-26 00:00:00-04:00,134.50418724100277,136.0072401377932,131.1353984815414,131.23199462890625,23522000,0.0,0.0,-1.4864284709561804,124.19958084106446,
2024-03-27 00:00:00-04:00,133.05634330348565,133.05634330348565,127.73606570925742,129.974365234375,25583000,0.0,0.0,-0.9583252910904339,124.61057342529297,
2024-03-28 00:00:00-04:00,129.89255695168092,131.09401575663168,129.26473460728462,130.63275146484375,19856000,0.0,0.0,0.5065508335289959,125.05689437866211,
2024-04-01 00:00:00-04:00,130.6593664400292,134.3356751828555,130.63276226671744,133.0819854736328,17252000,0.0,0.0,1.8749004222330834,125.47321502685547,
2024-04-02 00:00:00-04:00,129.68459092741796,132.30432716063933,128.46442352990394,131.9485321044922,24694000,0.0,0.0,-0.8516955657872916,125.73478652954101,
2024-04-03 00:00:00-04:00,130.8880343373593,135.69975018265026,130.61895470884602,134.35833740234375,28650000,0.0,0.0,1.8263221723021417,126.02629959106446,
2024-04-04 00:00:00-04:00,136.53752035890977,138.37665247695745,129.60676398087273,129.85316467285156,27014000,0.0,0.0,-3.3531024695558687,126.21630523681641,
2024-04-05 00:00:00-04:00,130.69092050635956,134.16319379186552,129.52790153143275,132.0145721435547,19438000,0.0,0.0,1.6645011895924933,126.39544296264648,
2024-04-08 00:00:00-04:00,131.4449030125394,132.31715594491487,129.68066584470958,131.68637084960938,17139000,0.0,0.0,-0.24860989860151506,126.6148698425293,
2024-04-09 00:00:00-04:00,133.7827684641036,133.99072921376373,128.97992487651248,131.4873046875,17986000,0.0,0.0,-0.15116686778217092,126.87962219238281,
2024-04-10 00:00:00-04:00,130.3952263353735,131.65186362844491,129.6540542666974,130.3331298828125,17467000,0.0,0.0,-0.8777842145525572,127.0959896850586,
2024-04-11 00:00:00-04:00,131.34928876269183,137.1830615992443,130.4592897611416,136.255615234375,31713000,0.0,0.0,4.544113501216174,127.44966995239258,
2024-04-12 00:00:00-04:00,133.25446807220118,134.68358890923176,131.73762414760182,132.47189331054688,27823000,0.0,0.0,-2.776929168988518,127.78294952392578,
2024-04-15 00:00:00-04:00,135.02755450748325,135.02755450748325,128.71970396219052,129.18194580078125,24370000,0.0,0.0,-2.4835060687576793,128.01115356445314,
2024-04-16 00:00:00-04:00,129.64419223744554,131.7080533932615,129.21250983877655,130.9925079345703,18923000,0.0,0.0,1.4015597323338236,128.22781295776366,
2024-04-17 00:00:00-04:00,132.37728014849796,132.7606719939996,126.2970912338331,126.41635131835938,24718000,0.0,0.0,-3.493449120385339,128.3161262512207,
2024-04-18 00:00:00-04:00,126.94562182812862,127.40392344196948,123.73846551426023,124.08638763427734,24888000,0.0,0.0,-1.8430872745364923,128.3979801940918,
2024-04-19 00:00:00-04:00,124.08637856050507,124.18592237359783,118.03181674974917,118.73652648925781,44797000,0.0,0.0,-4.311400506546537,128.30529541015625,
2024-04-22 00:00:00-04:00,120.68703045457,121.54450738874002,118.32553057100804,120.68309020996094,25162000,0.0,0.0,1.6393975621977086,128.2167997741699,
2024-04-23 00:00:00-04:00,121.04876443183475,123.97896074833527,121.03398099335047,123.12049865722656,22025000,0.0,0.0,2.019676860300068,128.16001495361328,
2024-04-24 00:00:00-04:00,124.57031968161255,126.7110457730988,122.70359100948211,123.87251281738281,20108000,0.0,0.0,0.6107952520967963,128.15446502685546,
2024-04-25 00:00:00-04:00,125.41300917866191,128.91977448810022,123.89024740267158,127.57837677001953,30410000,0.0,0.0,2.991675770798352,128.2492362976074,
2024-04-26 00:00:00-04:00,129.1139473624161,133.63095697571515,128.436841829824,132.47189331054688,24100000,0.0,0.0,3.835694311543625,128.42113067626954,
2024-04-29 00:00:00-04:00,132.47286704506823,133.35005267865427,130.6613321556755,131.93472290039062,13372000,0.0,0.0,-0.4054976468834681,128.57668731689452,
2024-04-30 00:00:00-04:00,130.97476985955774,132.8937444198961,128.0347153708957,128.1549530029297,22113000,0.0,0.0,-2.8648787933670983,128.6951010131836,
2024-05-01 00:00:00-04:00,125.99255006584663,127.37633559422619,122.3477932080953,122.49662017822266,30958000,0.0,0.0,-4.415227575775149,128.7375047302246,
2024-05-02 00:00:00-04:00,123.8192899735996,124.6245286743405,120.56976087462333,122.07379150390625,29480000,0.0,0.0,-0.3451757882798945,128.76968521118164,
2024-05-03 00:00:00-04:00,124.08736600949304,126.53954419962116,122.91843678070678,125.9708480834961,24898000,0.0,0.0,3.192377767233623,128.72778411865235,
2024-05-06 00:00:00-04:00,126.7701873644909,129.18984385075308,125.67124995491454,129.14451599121094,16287000,0.0,0.0,2.51936694560575,128.7661003112793,
2024-05-07 00:00:00-04:00,129.74867652248696,130.00001001856228,127.80900816105104,128.43487548828125,12413000,0.0,0.0,-0.5494933311593231,128.7651774597168,
2024-05-08 00:00:00-04:00,127.48770269113216,131.86475819557822,126.9939088089731,130.62881469726562,13918000,0.0,0.0,1.7082114189339137,128.8334538269043,
2024-05-09 00:00:00-04:00,129.8856603281183,130.2582089332988,128.32544385404086,128.68716430664062,12170000,0.0,0.0,-1.4863875134477844,128.87626419067382,
2024-05-10 00:00:00-04:00,129.63730251725005,132.46498461133183,129.63730251725005,131.36111450195312,16300000,0.0,0.0,2.0778686123978263,128.9508251953125,
2024-05-13 00:00:00-04:00,132.85922573837342,133.88326822379662,131.09598134606657,131.82533264160156,18507000,0.0,0.0,0.35339083518626246,128.8409765625,
2024-05-14 00:00:00-04:00,131.3157624940686,136.20929053698313,130.6711866139034,136.01611328125,19420000,0.0,0.0,3.179040443646808,128.80887817382813,
2024-05-15 00:00:00-04:00,136.01316669082001,141.8232985658441,135.02559391114121,141.54930114746094,32757000,0.0,0.0,4.068038508621097,129.00425323486328,
2024-05-16 00:00:00-04:00,140.54695591642007,142.459012587973,138.4830945268604,139.17991638183594,28395000,0.0,0.0,-1.673893651482361,129.13800964355468,
2024-05-17 00:00:00-04:00,139.20849164684495,139.90925367628873,136.18859470722785,137.52015686035156,18174000,0.0,0.0,-1.1925280346705147,129.12666870117187,
2024-05-20 00:00:00-04:00,137.59013678845875,139.65398297503543,137.31021396382053,139.36717224121094,27170000,0.0,0.0,1.3430870230427105,129.34519622802733,
2024-05-21 00:00:00-04:00,137.8542643165854,138.9098438864811,137.3397766178558,137.905517578125,15333000,0.0,0.0,-1.0487797374235108,129.56511108398436,
2024-05-22 00:00:00-04:00,137.5911145761793,138.47717341079488,136.42908820052816,137.21954345703125,21002000,0.0,0.0,-0.49742325988163527,129.77374069213866,
2024-05-23 00:00:00-04:00,140.78642814568707,140.8425991897763,135.81603517931399,137.32301330566406,31039000,0.0,0.0,0.07540460055910359,130.05119583129883,
2024-05-24 00:00:00-04:00,137.96367716382005,139.32282105223834,137.1978559642932,138.757080078125,16730000,0.0,0.0,1.0443018529377124,130.34869598388673,
2024-05-28 00:00:00-04:00,138.96995797175472,139.6776228805614,137.24909377336755,139.21142578125,22919000,0.0,0.0,0.3274396541561586,130.70782806396485,
2024-05-29 00:00:00-04:00,137.89565403985335,137.89565403985335,136.30883335971697,137.06478881835938,26861000,0.0,0.0,-1.541997685063401,131.02061233520507,
2024-05-30 00:00:00-04:00,135.91460025184062,136.28716395115094,133.61223389109242,134.444091796875,21717000,0.0,0.0,-1.9120133216397162,131.2794711303711,
2024-05-31 00:00:00-04:00,134.1759825196086,134.29327246469379,128.8438694243465,130.9422149658203,73091000,0.0,0.0,-2.604708607311279,131.38305755615235,
2024-06-03 00:00:00-04:00,133.32246187441797,133.3520287479506,128.3776955385591,130.28680419921875,26278000,0.0,0.0,-0.50053435156312,131.33160888671875,
2024-06-04 00:00:00-04:00,130.13896456970852,131.281289687535,128.81925323646067,131.1659698486328,23048000,0.0,0.0,0.674792550801806,131.2869613647461,
2024-06-05 00:00:00-04:00,132.6621280485873,139.3987140107546,132.12398380656222,139.2745361328125,32947000,0.0,0.0,6.181913108664605,131.40821014404298,
2024-06-06 00:00:00-04:00,140.1398664367933,140.22068656785612,136.82529359982843,138.10952758789062,20172000,0.0,0.0,-0.836483521877196,131.54576080322266,
2024-06-07 00:00:00-04:00,138.75115106822474,140.44835872342696,137.69063878922557,138.6387939453125,17859000,0.0,0.0,0.38322219086952547,131.7190493774414,
2024-06-10 00:00:00-04:00,138.95025417377443,142.81874749341247,138.88421747431,141.9730987548828,31042000,0.0,0.0,2.405030161244448,131.9458563232422,
2024-06-11 00:00:00-04:00,141.74937602543102,144.391776408993,139.58400093336377,143.99949645996094,34844000,0.0,0.0,1.4273110348719698,132.16420654296874,
2024-06-12 00:00:00-04:00,147.84039831143312,148.41204965626304,145.51437544310247,147.39785766601562,56697000,0.0,0.0,2.3599813121566005,132.4731930541992,
2024-06-13 00:00:00-04:00,168.53805654582766,171.08584606461767,162.87281131666475,165.48170471191406,89061000,0.0,0.0,12.268731263974054,133.0956604003906,
2024-06-14 00:00:00-04:00,166.25735513092604,172.2084177508322,165.7882103658025,171.0059814453125,69705000,0.0,0.0,3.338300595232324,133.91871673583984,
2024-06-17 00:00:00-04:00,177.40844784635536,181.64654155272726,175.29728900136297,180.25387573242188,87528000,0.0,0.0,5.407936148752102,134.8835028076172,
2024-06-18 00:00:00-04:00,181.3104592102372,182.49614196588988,175.93104782917194,177.65682983398438,86797000,0.0,0.0,-1.4407711833573478,135.8029119873047,
2024-06-20 00:00:00-04:00,177.7494964111051,177.87665203197275,169.74246711144517,170.9586944580078,68157000,0.0,0.0,-3.770266182412352,136.59233978271484,
2024-06-21 00:00:00-04:00,167.1246958801089,168.93229080722844,162.76439365939143,163.4750213623047,99289000,0.0,0.0,-4.3774744065686155,137.2551776123047,
2024-06-24 00:00:00-04:00,162.3547757254929,164.22842750359644,157.2736733722831,157.4269256591797,58575000,0.525,0.0,-3.6997063237696692,137.6786038208008,
2024-06-25 00:00:00-04:00,158.21000425367794,158.79434835687863,154.63770833701827,156.29779052734375,53329000,0.0,0.0,-0.71724397024715,138.15512176513673,
2024-06-26 00:00:00-04:00,157.96182242665736,159.9946555267959,155.5858991428326,157.40615844726562,46479000,0.0,0.0,0.7091385720695564,138.7196060180664,
2024-06-27 00:00:00-04:00,157.4061534105571,158.75280610023276,155.3298249721008,156.878173828125,31649000,0.0,0.0,-0.33542818422667153,139.2373193359375,
2024-06-28 00:00:00-04:00,157.78978880908898,162.07594945308824,156.81292998333348,158.74391174316406,69377000,0.0,0.0,1.1892909443751876,139.8838705444336,
2024-07-01 00:00:00-04:00,159.00792427844326,163.01722622456478,157.55448669514834,162.23118591308594,47623000,0.0,0.0,2.1967923882107776,140.64676651000977,
2024-07-02 00:00:00-04:00,162.2311968664972,164.05046066948842,160.37237532304323,163.88040161132812,32539000,0.0,0.0,1.016583642016733,141.54964401245118,
2024-07-03 00:00:00-04:00,165.11827225064363,170.97354125976562,164.57051378406203,170.97354125976562,39954000,0.0,0.0,4.328241558292101,142.55545303344726,116.32056838989257
2024-07-05 00:00:00-04:00,173.5778750996982,174.5577060841789,167.6889922149273,168.4117431640625,45240000,0.0,0.0,-1.498359381707437,143.461277923584,116.749680519104
2024-07-08 00:00:00-04:00,168.57883155672758,173.7103538285682,168.57883155672758,172.61878967285156,36398000,0.0,0.0,2.4980719454288147,144.43620346069335,117.20021656036377
2024-07-09 00:00:00-04:00,173.67675951845524,175.10251276389022,168.6342189617034,171.37794494628906,37802000,0.0,0.0,-0.7188352605844162,145.31219482421875,117.65140155792237
2024-07-10 00:00:00-04:00,172.63266380979982,174.65857228838775,170.69078912719306,172.5031280517578,41074000,0.0,0.0,0.6565507048304164,146.11281951904297,118.11906124114991
2024-07-11 00:00:00-04:00,174.47762433877702,174.4983838532837,164.9699779107002,168.6727752685547,51026000,0.0,0.0,-2.2204541021736524,146.84758056640624,118.55744823455811
2024-07-12 00:00:00-04:00,169.1750484479939,170.64628853102946,167.2252683600997,168.15072631835938,30453000,0.0,0.0,-0.30950397855500356,147.64749603271486,118.99087543487549
2024-07-15 00:00:00-04:00,168.08448163689013,171.55492638530103,167.35281434437877,169.4884796142578,22999200,0.0,10.0,0.7955679557194895,148.58733322143556,119.43963722229005
2024-07-16 00:00:00-04:00,170.4574419981723,170.86282586085972,164.5250482151242,167.4714813232422,22244900,0.0,0.0,-1.1900503772328097,149.49528701782228,119.87801113128663
2024-07-17 00:00:00-04:00,160.48111919419438,161.00514604745345,153.8566165447908,154.22244262695312,43343400,0.0,0.0,-7.911220818974341,150.0603189086914,120.24272010803223
2024-07-18 00:00:00-04:00,157.0996502248322,159.69012362203796,152.16587138030198,158.71128845214844,37973500,0.0,0.0,2.9106307413722776,150.65165435791016,120.63056694030762
2024-07-19 00:00:00-04:00,160.0164245367829,162.10265019841708,155.34960708598854,155.5770263671875,26309500,0.0,0.0,-1.97481988554703,151.19449737548828,121.00060787200928
2024-07-22 00:00:00-04:00,158.42455918823748,161.1534697676142,156.12081130809457,159.24520874023438,28813300,0.0,0.0,2.3577918017209987,151.76682525634766,121.39881763458251
2024-07-23 00:00:00-04:00,158.59264472068244,163.46710249243299,158.09827860236754,161.9246826171875,21570200,0.0,0.0,1.682608788138773,152.4315756225586,121.80603832244873
2024-07-24 00:00:00-04:00,158.54322233630015,159.59127610749596,149.3974490229892,149.63473510742188,37162600,0.0,0.0,-7.5899160715483855,152.79704803466797,122.15178482055664
2024-07-25 00:00:00-04:00,149.5556352840402,151.81984059396564,143.8803218026071,147.5781707763672,30872100,0.0,0.0,-1.3743896626530527,153.1121047973633,122.47679534912109
2024-07-26 00:00:00-04:00,151.77040278049483,151.84950317217138,148.2307394589699,149.92147827148438,20839900,0.0,0.0,1.5878415369899868,153.39021209716796,122.80833492279052
2024-07-29 00:00:00-04:00,150.30708006665643,153.2534979316022,147.4694082652474,148.52735900878906,16625800,0.0,0.0,-0.9298996239690105,153.52977325439454,123.13166809082031
2024-07-30 00:00:00-04:00,151.55288427229186,151.7407458213734,141.73477986987555,141.90286254882812,31102300,0.0,0.0,-4.4601186637735495,153.58423217773438,123.41399005889893
2024-07-31 00:00:00-04:00,149.76326156816808,159.5121612748418,149.29855624575274,158.86947631835938,45827500,0.0,0.0,11.956498596843401,154.01121856689454,123.7659831237793
2024-08-01 00:00:00-04:00,155.72532826063198,157.11944434400135,144.52299013787294,145.36341857910156,40320000,0.0,0.0,-8.501354729836807,154.13114349365233,124.0613973236084
2024-08-02 00:00:00-04:00,140.33075973044828,143.71223727127108,138.02702688523712,142.19947814941406,33745800,0.0,0.0,-2.17657266223813,154.21702270507814,124.33152046203614
2024-08-05 00:00:00-04:00,128.1495878085588,143.78144230163176,127.05209440516444,140.4790802001953,41309300,0.0,0.0,-1.2098482860893989,154.28221343994142,124.60191703796387
2024-08-06 00:00:00-04:00,140.1329988330577,147.23210328410642,138.66967952301653,142.29832458496094,24751300,0.0,0.0,1.2950286848212755,154.38171966552736,124.88012519836425
2024-08-07 00:00:00-04:00,146.57955053030645,148.40871115851317,134.299498259202,134.7345428466797,29749800,0.0,0.0,-5.315439770877417,154.30126892089845,125.12989295959473
2024-08-08 00:00:00-04:00,139.6089866223783,144.62186622577994,136.8405333855219,144.09783935546875,27583200,0.0,0.0,6.94944021849242,154.3989971923828,125.43341339111328
2024-08-09 00:00:00-04:00,142.57518141112965,147.864904759967,142.48619913323336,146.5894317626953,18438700,0.0,0.0,1.7290976869404506,154.58949005126954,125.74519592285156
2024-08-12 00:00:00-04:00,146.4114647897368,149.42710099245988,144.7207261033393,146.94537353515625,17778500,0.0,0.0,0.24281543913557968,154.83951568603516,126.04953102111817
2024-08-13 00:00:00-04:00,149.842350372322,154.61792814925334,148.12195111461025,154.40040588378906,22053600,0.0,0.0,5.073335872564377,155.30867950439452,126.40651817321778
2024-08-14 00:00:00-04:00,156.23947620578144,158.44434492487787,152.97665672505843,155.91319274902344,20184200,0.0,0.0,0.9797816635100043,155.82120727539063,126.78224536895752
2024-08-15 00:00:00-04:00,159.38362950933646,164.7919959143066,158.53331920379662,164.25808715820312,27945000,0.0,0.0,5.352269594409909,156.48304962158204,127.19402595520019
2024-08-16 00:00:00-04:00,162.61679161755654,164.21853300770604,160.84695247131248,163.8527069091797,19296900,0.0,0.0,-0.2467946973186197,156.97461303710938,127.60236789703369
2024-08-19 00:00:00-04:00,163.0023892102698,165.93892501725577,158.61241587914506,165.82028198242188,20441700,0.0,0.0,1.2008193885577834,157.528828125,128.02048915863037
2024-08-20 00:00:00-04:00,165.16770475773728,166.4728233196202,162.30037253862605,164.08009338378906,19417500,0.0,0.0,-1.0494425517966977,158.03765411376952,128.42425788879393
2024-08-21 00:00:00-04:00,163.2594509696717,164.5942454329906,161.04470056599135,163.91201782226562,16097700,0.0,0.0,-0.10243507183428369,158.4764324951172,128.81821807861328
2024-08-22 00:00:00-04:00,168.91499593268898,170.4771945313028,159.67035943443017,160.51077270507812,30044500,0.0,0.0,-2.075043161798884,158.80665802001954,129.1896133041382
2024-08-23 00:00:00-04:00,163.17047325920717,166.38385289936355,161.61817155512753,164.48548889160156,18848000,0.0,0.0,2.4762924752885995,159.14841064453125,129.581785736084
2024-08-26 00:00:00-04:00,163.10125195121898,163.83290404109547,156.87223677652563,157.8214111328125,18521200,0.0,0.0,-4.051468493479559,158.99520477294922,129.93233879089357
2024-08-27 00:00:00-04:00,155.82419906754842,160.204275424432,154.07413886817758,159.5714874267578,16683100,0.0,0.0,1.1088966201630024,158.76651489257813,130.28514072418213
2024-08-28 00:00:00-04:00,158.27625961972439,160.45146754176125,154.48941331024096,156.3976593017578,18063600,0.0,0.0,-1.9889694432138172,158.28939056396484,130.62195137023926
2024-08-29 00:00:00-04:00,156.70416272077475,161.36108266404432,153.65886591097245,155.16172790527344,23519300,0.0,0.0,-0.7902492927338134,157.83948852539064,130.93004455566407
2024-08-30 00:00:00-04:00,159.3045403905876,161.40066308673454,156.9217070578386,160.9853973388672,25158500,0.0,0.0,3.753289881606059,157.6400225830078,131.2724290084839
2024-09-03 00:00:00-04:00,158.5728789400324,158.92882314420754,149.6742889225106,151.06838989257812,37179100,0.0,0.0,-6.160190682024536,157.3918899536133,131.5525136566162
2024-09-04 00:00:00-04:00,148.60644341066998,156.012037471289,147.46939239945982,152.38339233398438,20324100,0.0,0.0,0.8704682973991629,157.29101928710938,131.8379814147949
2024-09-05 00:00:00-04:00,148.8734206961443,154.59817373051342,148.41859722729012,151.0980682373047,31548500,0.0,0.0,-0.8434804324756073,157.18702484130858,132.12476474761962
2024-09-06 00:00:00-04:00,141.63589045949226,141.8830735143954,135.0608272338116,135.45631408691406,76634600,0.0,0.0,-10.352054353087237,156.74802795410156,132.32445903778077
2024-09-09 00:00:00-04:00,137.54252258471112,139.99457396037366,133.3799538191067,139.23326110839844,39516700,0.0,0.0,2.788313743027837,156.39512969970704,132.53425540924073
2024-09-10 00:00:00-04:00,139.62875037649698,148.1713952398469,139.45077075077367,146.5399932861328,36067500,0.0,0.0,5.247835265487177,156.15105133056642,132.78767314910888
2024-09-11 00:00:00-04:00,146.7179696556263,157.07987882382213,143.40571077117716,156.4866485595703,39700800,0.0,0.0,6.78767280548167,156.0361605834961,133.09531799316406
2024-09-12 00:00:00-04:00,156.31857801012555,164.44595848106934,155.06288380219556,162.70578002929688,43530700,0.0,0.0,3.9742249750841285,156.01266815185548,133.43070274353028
2024-09-13 00:00:00-04:00,164.86121401033094,166.1861115499505,162.1916249757298,165.80050659179688,29850000,0.0,0.0,1.9020384905457988,155.9092074584961,133.79554584503174
2024-09-16 00:00:00-04:00,163.32868997294221,163.6351945700221,158.6025508170829,162.171875,26126900,0.0,0.0,-2.188552777302799,155.78441009521484,134.14414596557617
2024-09-17 00:00:00-04:00,163.6253191300681,164.14934605932325,158.88928280894436,160.63934326171875,19844300,0.0,0.0,-0.9450046367665443,155.5448211669922,134.48777969360353
2024-09-18 00:00:00-04:00,161.92468667926067,165.58299302919266,159.54183830836058,159.8483428955078,26557600,0.0,0.0,-0.4924076195469862,155.31422912597657,134.83483428955077
2024-09-19 00:00:00-04:00,166.335898105572,168.63730864195955,164.3321009835017,166.07798767089844,32453100,0.53,0.0,3.8972219933884,155.18572631835937,135.21095134735108
2024-09-20 00:00:00-04:00,165.8399239441973,170.64113934225654,165.13562358488616,169.728515625,91758500,0.0,0.0,2.1980805555854133,155.20684112548827,135.60826648712157
2024-09-23 00:00:00-04:00,170.62127393152304,171.9307002760413,167.00053783582277,171.55374145507812,29431100,0.0,0.0,1.0753795986237158,155.27490142822265,136.02000762939454
2024-09-24 00:00:00-04:00,171.4247804441246,174.579297947138,170.3038334984987,173.43850708007812,34223400,0.0,0.0,1.0986444300274956,155.35390197753907,136.44580329895018
2024-09-25 00:00:00-04:00,173.25004628013272,175.720092555566,172.3671808874361,174.1130828857422,16613800,0.0,0.0,0.38894235024324875,155.48673400878906,136.86587657928467
2024-09-26 00:00:00-04:00,177.0691774767965,178.8051498050004,173.59723282038874,176.66246032714844,24340000,0.0,0.0,1.4642078579926165,155.93553436279296,137.28793098449708
2024-09-27 00:00:00-04:00,176.74182484682092,177.03942313706176,170.38320242913557,171.30575561523438,20580900,0.0,0.0,-3.032169201082313,156.1874237060547,137.64171161651612
2024-09-30 00:00:00-04:00,170.49232414643402,171.5339106114419,168.2702891666604,171.11727905273438,16902000,0.0,0.0,-0.11002348509721038,156.49822875976562,137.97352634429933
2024-10-01 00:00:00-04:00,170.78000228062928,170.86927722523473,164.4709822083923,166.12759399414062,23770400,0.0,0.0,-2.915944600227105,156.63587646484376,138.27188842773438
2024-10-02 00:00:00-04:00,166.2069513196183,171.45454093809045,165.68120091851063,169.29202270507812,14317800,0.0,0.0,1.904818239316164,156.78322326660157,138.57786640167237
2024-10-03 00:00:00-04:00,168.26035291274815,173.53771605176377,167.8338069779551,170.5121612548828,13072300,0.0,0.0,0.7207300912992709,157.20077178955077,138.8785882949829
2024-10-04 00:00:00-04:00,174.8868195768967,175.4820010221215,171.2164810203379,175.22409057617188,17921400,0.0,0.0,2.763397804949319,157.75369018554687,139.1944388961792
2024-10-07 00:00:00-04:00,173.41867953124833,176.88069459054194,172.46636806983062,173.6765899658203,15588300,0.0,0.0,-0.8831551673420424,158.2287924194336,139.50361682891847
2024-10-08 00:00:00-04:00,174.01386222699,180.14433230174345,173.4881118249622,179.2812957763672,20774200,0.0,0.0,3.2270934221185987,158.84387115478515,139.85514709472656
2024-10-09 00:00:00-04:00,177.80325194837013,184.9256911784229,175.00584926259842,184.45945739746094,25504100,0.0,0.0,2.888288819349527,159.69500305175782,140.2242702484131
2024-10-10 00:00:00-04:00,182.08860701594935,184.81656341142718,181.06686455874308,184.2015380859375,16318000,0.0,0.0,-0.13982439022776072,160.2016442871094,140.59470947265626
2024-10-11 00:00:00-04:00,179.68801282678226,181.1263868530186,175.97798656371324,180.02528381347656,23070000,0.0,0.0,-2.267220087224542,160.8948815917969,140.9394044113159
2024-10-14 00:00:00-04:00,181.8307025964571,183.4674704332416,178.68611457304036,180.8486328125,17195800,0.0,0.0,0.45735186835005326,161.6678646850586,141.2910230255127
2024-10-15 00:00:00-04:00,179.34082346994583,180.24353275798185,171.98030225095306,174.5693817138672,27657500,0.0,0.0,-3.4721031621748555,162.34967071533202,141.61309047698975
2024-10-16 00:00:00-04:00,177.07908946533024,177.81316320327895,173.9245870572749,175.40264892578125,15285100,0.0,0.0,0.47732724016853467,163.01175720214843,141.94234699249267
2024-10-17 00:00:00-04:00,179.91618427772545,184.0229985973509,179.24164223186878,180.0749053955078,25232400,0.0,0.0,2.6637319894202705,163.918564453125,142.31011306762696
2024-10-18 00:00:00-04:00,180.85857339059058,181.24544663763683,177.24773623618788,178.4480438232422,17835200,0.0,0.0,-0.9034360277421549,164.60556854248046,142.68289588928224
2024-10-21 00:00:00-04:00,177.94213024482113,180.26336963491568,176.82118325763565,178.5472412109375,13695100,0.0,0.0,0.055588946547135976,165.2447247314453,143.06087085723877
2024-10-22 00:00:00-04:00,177.22789360717402,179.24162024047433,175.98791340753212,177.94212341308594,12062600,0.0,0.0,-0.3389118721451867,165.8646597290039,143.43568771362305
2024-10-23 00:00:00-04:00,176.16646844909533,177.54532586601235,171.18671871978503,172.11917114257812,19513700,0.0,0.0,-3.2723855143562908,166.21903503417968,143.7688423538208
2024-10-24 00:00:00-04:00,172.86314851173293,172.90283635323746,168.14130951662187,169.9764862060547,20485200,0.0,0.0,-1.24488453104884,166.50030090332032,144.08753452301025
2024-10-25 00:00:00-04:00,172.79372960685973,175.38280896513422,171.33551162711447,171.61326599121094,19977700,0.0,0.0,0.9629448294230958,166.64740447998048,144.41535274505614
2024-10-28 00:00:00-04:00,171.61326883046024,172.57549472788452,169.97650093377823,170.64112854003906,13195800,0.0,0.0,-0.5664698737343876,166.78317291259765,144.7287855529785
2024-10-29 00:00:00-04:00,171.05775759728058,178.78530784291766,169.83762127143842,177.80325317382812,23702300,0.0,0.0,4.197185458784958,167.02283233642578,145.07425052642822
2024-10-30 00:00:00-04:00,176.0474392883868,177.75365334369138,174.2122624418685,175.22409057617188,17911500,0.0,0.0,-1.4505710956451145,167.24571228027344,145.40324729919433
2024-10-31 00:00:00-04:00,173.05164328967575,173.05164328967575,166.03832276018002,168.40916442871094,26086600,0.0,0.0,-3.889263242886354,167.33565521240234,145.70370960235596
2024-11-01 00:00:00-04:00,166.91125056186192,169.95664922136686,166.15734804375043,167.5659637451172,17847000,0.0,0.0,-0.5006857473903614,167.47675903320314,145.9802096557617
2024-11-04 00:00:00-05:00,167.92308833757642,171.06767651333473,167.0699812989196,167.19894409179688,13621300,0.0,0.0,-0.2190299540058005,167.53102813720704,146.22185459136963
2024-11-05 00:00:00-05:00,168.6869124774789,173.00203456941372,168.6869124774789,172.50604248046875,13441800,0.0,0.0,3.1741219524437536,167.82472076416016,146.4854713821411
2024-11-06 00:00:00-05:00,178.1901241010291,178.76547674504803,174.54954395629468,178.1107635498047,24300800,0.0,0.0,3.248999854582202,168.19550628662108,146.77426078796387
2024-11-07 00:00:00-05:00,180.5312206658833,183.3881250377531,180.3328117049869,182.3366241455078,18970600,0.0,0.0,2.372602593734574,168.7142855834961,147.07065547943114
2024-11-08 00:00:00-05:00,181.5231851069157,183.5666700346342,180.37247985984882,182.16796875,13503200,0.0,0.0,-0.09249671934982162,169.2544104003906,147.3779201889038
2024-11-11 00:00:00-05:00,181.92989033984546,182.15805759672799,175.40264783510682,177.47589111328125,17036700,0.0,0.0,-2.5756875201029317,169.58422027587892,147.67405120849608
2024-11-12 00:00:00-05:00,177.46595961581832,178.1206727921305,171.81165294875188,174.8074493408203,15862000,0.0,0.0,-1.5035516969218676,170.05900146484376,147.95051467895507
2024-11-13 00:00:00-05:00,173.3095608463758,174.18249662239373,171.2164736440811,172.18861389160156,17472500,0.0,0.0,-1.4981257715812935,170.4551058959961,148.2185997390747
2024-11-14 00:00:00-05:00,173.3690768490194,174.16266720874398,168.5083453560045,169.01426696777344,20638900,0.0,0.0,-1.8435289373003982,170.81342987060546,148.48463150024415
2024-11-15 00:00:00-05:00,167.1195687597571,167.78419631512395,162.1199602331957,163.51866149902344,20836200,0.0,0.0,-3.2515630587551914,171.37467681884766,148.7133660888672
2024-11-18 00:00:00-05:00,164.3320961057881,165.0165675835606,160.91966824566114,164.34201049804688,17856900,0.0,0.0,0.5035198988760925,171.87685180664062,148.93427845001221
2024-11-19 00:00:00-05:00,165.3240786973193,165.4629558700256,162.9929099378101,164.0245819091797,18003400,0.0,0.0,-0.19315121429097637,172.22654357910156,149.14439792633056
2024-11-20 00:00:00-05:00,164.2130586787856,164.2130586787856,159.5705798636754,161.94142150878906,17196700,0.0,0.0,-1.2700293920237304,172.33563903808593,149.3541365814209
2024-11-21 00:00:00-05:00,164.91736598904018,165.00664093035496,159.31266156039445,162.62588500976562,24835300,0.0,0.0,0.42266116636466844,172.33404113769532,149.55041217803955
2024-11-22 00:00:00-05:00,162.98300511863138,163.58811607878138,161.09822607951094,162.91355895996094,17332500,0.0,0.0,0.17689308819321958,172.2763021850586,149.73944061279298
2024-11-25 00:00:00-05:00,164.07417783815723,165.8895107096961,161.58430298758657,163.49884033203125,26850600,0.0,0.0,0.3592588461063251,172.3028414916992,149.92713611602784
2024-11-26 00:00:00-05:00,163.28060219028467,165.03640329177904,161.38590877248043,163.4194793701172,16308800,0.0,0.0,-0.04853915890344895,172.3584442138672,150.12348346710206
2024-11-27 00:00:00-05:00,161.8918090129377,161.8918090129377,156.27717513418008,158.39010620117188,19722700,0.0,0.0,-3.0775848682975226,172.32927947998047,150.3012349319458
2024-11-29 00:00:00-05:00,158.29093250092734,161.3859184872004,157.80485477401515,160.7808074951172,11024000,0.0,0.0,1.509375396787016,172.22333587646483,150.48575309753417
2024-12-02 00:00:00-05:00,161.64381650771242,167.030298389574,161.4454227021941,165.17527770996094,21472400,0.0,0.0,2.733205712365394,172.13227111816406,150.6908450317383
2024-12-03 00:00:00-05:00,163.16155903862102,166.92118768053504,162.71516917027836,166.80213928222656,17024400,0.0,0.0,0.9849304295539429,172.03723907470703,150.91368438720704
2024-12-04 00:00:00-05:00,172.04974470074237,173.98411089302627,167.20885688704487,169.1928253173828,32748200,0.0,0.0,1.4332466270778665,171.95232543945312,151.1577663421631
2024-12-05 00:00:00-05:00,169.38128522111057,171.01805293293202,167.843706837489,169.10353088378906,18490000,0.0,0.0,-0.0527767258607148,171.85213439941407,151.40096015930175
2024-12-06 00:00:00-05:00,168.73650866837974,179.23168757434652,167.9726766405565,178.09091186523438,27830800,0.0,0.0,5.314721067309702,171.88070343017577,151.65108520507812
2024-12-09 00:00:00-05:00,177.51557540393645,179.34082275924243,174.6090688678058,177.5056610107422,20886300,0.0,0.0,-0.328624772798658,172.00470153808592,151.90246997833253
2024-12-10 00:00:00-05:00,176.38470539912572,177.06917690817016,168.3694713731237,170.43280029296875,27762600,0.0,0.0,-3.984583183150092,171.99101196289064,152.11222888946534
2024-12-11 00:00:00-05:00,178.5670592662091,183.38810278326505,175.01575423511648,181.7314910888672,41295200,0.0,0.0,6.629410991591023,172.30308990478517,152.38481136322022
2024-12-12 00:00:00-05:00,179.47969312049605,180.54112347456456,174.5793039122562,179.2118682861328,46967200,0.0,0.0,-1.3864536012100803,172.50148681640624,152.64813747406006
2024-12-13 00:00:00-05:00,212.18542474113343,226.8667946491057,209.41779534732663,222.99806213378906,121336600,0.0,0.0,24.432641803469423,173.55120483398437,153.1249624633789
2024-12-16 00:00:00-05:00,229.93199503184482,249.8609677245319,228.9598548218161,247.99603271484375,111623200,0.0,0.0,11.209949692772225,175.00664367675782,153.678353805542
2024-12-17 00:00:00-05:00,238.7209833397153,240.52640178618273,231.92590088887357,238.30435180664062,70382100,0.0,0.0,-3.907998366791221,176.29919891357423,154.181770401001
2024-12-18 00:00:00-05:00,237.49093820255797,237.92741366733625,217.4627750148207,221.82749938964844,53960100,0.0,0.0,-6.914205423475206,177.15012298583986,154.6320051574707
2024-12-19 00:00:00-05:00,226.08313258741035,226.22200977605263,215.83593353483624,216.57000732421875,40845200,0.0,0.0,-2.370081292849402,177.792333984375,155.05239471435547
2024-12-20 00:00:00-05:00,218.593626203459,228.44402147102392,217.15525222441426,219.02017211914062,131910400,0.0,0.0,1.1313500078770522,178.48870666503908,155.45705955505372
2024-12-23 00:00:00-05:00,225.47540961305748,232.14944929517762,223.92377043739418,231.10508728027344,40643800,0.59,0.0,5.517717863247307,179.510302734375,155.9703810119629
2024-12-24 00:00:00-05:00,238.83345794381063,238.94286918269296,233.54196982513017,238.39581298828125,22827200,0.0,0.0,3.154723158112893,180.66124633789062,156.52781120300293
2024-12-26 00:00:00-05:00,238.71409752030374,245.95509059759027,236.32696261591414,244.04537963867188,28459000,0.0,0.0,2.3698262899727762,182.0507662963867,157.1140977859497
2024-12-27 00:00:00-05:00,244.3238688223719,244.46311810016326,235.08365099692975,240.4547119140625,29282200,0.0,0.0,-1.471311495397143,183.35180755615235,157.69912006378175
2024-12-30 00:00:00-05:00,233.44248966698908,237.49069015732837,230.37899028492964,234.31777954101562,27316800,0.0,0.0,-2.552219635953812,184.4366650390625,158.25129859924317
2024-12-31 00:00:00-05:00,234.6161867368913,236.18772309845582,230.0706649903552,230.5978240966797,17927700,0.0,0.0,-1.5875685795685768,185.47966064453124,158.79801361083983
2025-01-02 00:00:00-05:00,234.89467224464465,238.21677307849134,229.00639307789422,230.737060546875,31525800,0.0,0.0,0.060380643547164325,186.52345703125,159.34457103729247
2025-01-03 00:00:00-05:00,232.33843718684207,235.22290829231324,227.77303373396376,231.30401611328125,24973200,0.0,0.0,0.24571499916938855,187.5906948852539,159.893585357666
2025-01-06 00:00:00-05:00,235.2328399458194,240.4547106000078,232.0499884872445,235.14332580566406,34028400,0.0,0.0,1.6598543150684097,188.85117797851564,160.44048751831053
2025-01-07 00:00:00-05:00,238.21677627914988,238.21677627914988,226.38054169141682,227.4149627685547,25928600,0.0,0.0,-3.286660597586566,189.99994750976563,160.91326614379884
2025-01-08 00:00:00-05:00,228.46928492990614,231.224447767477,224.84878833109397,228.0813751220703,18756500,0.0,0.0,0.2930380417377476,191.1293096923828,161.38668128967285
2025-01-10 00:00:00-05:00,226.08213946997498,226.6092985387438,220.06455207280356,223.108154296875,23864000,0.0,0.0,-2.1804589798415708,192.17865020751952,161.8361615753174
2025-01-13 00:00:00-05:00,218.8113251719128,228.03164668544468,218.3338860274386,224.08291625976562,23772100,0.0,0.0,0.43690109219118867,193.10424346923827,162.30041618347167
2025-01-14 00:00:00-05:00,225.35605416660428,229.02627054352305,221.90464507549743,223.49606323242188,18143100,0.0,0.0,-0.26189101656614033,194.06968292236328,162.76802467346192
2025-01-15 00:00:00-05:00,227.3254527915606,229.10585545544438,224.37136456897184,226.7783966064453,21745600,0.0,0.0,1.4686314052028804,195.23706756591798,163.24875289916992
2025-01-16 00:00:00-05:00,233.95969967931777,237.3215945997904,227.98190653844296,228.1808319091797,23471900,0.0,0.0,0.6184166233295096,196.44936492919922,163.72424713134765
2025-01-17 00:00:00-05:00,235.8097444088683,236.8242835725569,231.4134282689292,236.16781616210938,31196600,0.0,0.0,3.5002871126829094,197.82874237060548,164.24534355163576
2025-01-21 00:00:00-05:00,240.20605689672382,241.44935946865303,236.12801838998266,239.02243041992188,30903200,0.0,0.0,1.2087228074519007,199.15907012939454,164.76866401672362
2025-01-22 00:00:00-05:00,245.42792277599875,245.66664232875289,239.40039445651226,239.6192169189453,29610500,0.0,0.0,0.24967803146129786,200.38923919677734,165.3174942779541
2025-01-23 00:00:00-05:00,237.1326236409767,239.1119516811124,234.85488476225413,238.9925994873047,17653900,0.0,0.0,-0.26150550014216734,201.5223587036133,165.85238441467285
2025-01-24 00:00:00-05:00,243.388916015625,248.25271522121037,240.61387126666096,243.388916015625,25387800,0.0,0.0,1.8395199423544728,202.7467776489258,166.41089714050293
2025-01-27 00:00:00-05:00,212.25661785745524,217.25966640130184,195.17861483873503,201.04701232910156,90569400,0.0,0.0,-17.396808523443685,203.2182000732422,166.75869567871095
2025-01-28 00:00:00-05:00,206.89550423434798,208.82511239708182,197.8243728550176,206.24899291992188,50316000,0.0,0.0,2.5874448620529567,203.8470309448242,167.1382749938965
2025-01-29 00:00:00-05:00,207.7210336563953,210.3170499087078,201.68356454977277,205.244384765625,32533700,0.0,0.0,-0.4870851198225834,204.5081463623047,167.48321884155274
2025-01-30 00:00:00-05:00,217.39892872365232,220.77076479899358,212.5550114288156,214.5045166015625,42449500,0.0,0.0,4.511758919257125,205.41795135498046,167.8933819580078
2025-01-31 00:00:00-05:00,218.4830830408062,225.58482688835468,215.1410850433108,220.08445739746094,41104700,0.0,0.0,2.6013162260182465,206.5492672729492,168.34789451599121
2025-02-03 00:00:00-05:00,214.3055738366458,219.7562077938434,212.3660097783783,216.5634002685547,24507300,0.0,0.0,-1.599866328837296,207.59369506835938,168.77574897766112
2025-02-04 00:00:00-05:00,218.1747361076132,221.8350115057257,214.14643283674255,221.23822021484375,23768500,0.0,0.0,2.158638043405281,208.73796783447267,169.24985832214355
2025-02-05 00:00:00-05:00,232.68656603327213,236.655178140881,226.28106873610923,230.7569580078125,29196000,0.0,0.0,4.30248344238402,210.11427856445312,169.78321117401123
2025-02-06 00:00:00-05:00,233.2435673645263,233.5419630234271,227.33539099101847,230.12039184570312,21169500,0.0,0.0,-0.27586000769165286,211.46416870117187,170.34013050079346
2025-02-07 00:00:00-05:00,233.7408903256276,234.3874016110339,222.90923861081072,223.6651611328125,22117500,0.0,0.0,-2.8051537115489023,212.6792007446289,170.8550408554077
2025-02-10 00:00:00-05:00,226.21144325370045,234.55650495912099,225.90310663411225,233.78067016601562,23901600,0.0,0.0,4.522612722504649,214.0848373413086,171.40834171295165
2025-02-11 00:00:00-05:00,231.23438884382873,236.6154061934542,228.73784266155081,233.78067016601562,18476200,0.0,0.0,0.0,215.49206115722657,171.95788249969482
2025-02-12 00:00:00-05:00,229.12575236017963,235.21295709169064,228.76768060085345,235.0836639404297,16397300,0.0,0.0,0.5573573612774663,217.02593231201172,172.49540893554686
2025-02-13 00:00:00-05:00,234.7952073123988,235.68043815778395,229.49376319716993,234.53660583496094,20962000,0.0,0.0,-0.23270783528683836,218.50104827880858,173.00573249816895
2025-02-14 00:00:00-05:00,233.27340398730092,234.47692757260103,227.6735642639626,231.7913818359375,16988800,0.0,0.0,-1.1704884997590481,219.83337036132812,173.50501579284668
2025-02-18 00:00:00-05:00,228.8671372648847,230.9558764224961,223.0982104531825,227.3055419921875,26080500,0.0,0.0,-1.935291902666636,221.04343841552733,174.00076873779298
2025-02-19 00:00:00-05:00,226.62921134559295,227.8426759366933,223.19768391672406,227.50448608398438,16375500,0.0,0.0,0.08752276343693133,222.20967163085936,174.52580806732178
2025-02-20 00:00:00-05:00,227.42490128726203,227.7531349887954,221.55651919532602,225.525146484375,16104000,0.0,0.0,-0.8700222284314441,223.3381039428711,175.0430648422241
2025-02-21 00:00:00-05:00,224.44098778603393,226.52974230399755,214.47468469424038,217.4884490966797,24883600,0.0,0.0,-3.5635482397312734,224.1260546875,175.50065284729004
2025-02-24 00:00:00-05:00,217.42876219289545,218.30403689258327,206.42800816920914,206.81591796875,33050400,0.0,0.0,-4.90717147152282,224.71225982666016,175.88900985717774
2025-02-25 00:00:00-05:00,205.89091389331097,207.52212632383845,199.84348812776093,201.45480346679688,33100800,0.0,0.0,-2.592215606326387,225.33269989013672,176.25410949707032
2025-02-26 00:00:00-05:00,205.80138215303398,212.39584836604757,204.89625428047222,211.799072265625,21368300,0.0,0.0,5.1347838923746725,225.93405151367188,176.6599607849121
2025-02-27 00:00:00-05:00,216.11582707000042,218.07527315584846,196.34233792446364,196.74020385742188,27572900,0.0,0.0,-7.109978456051613,226.28461822509766,177.00022598266602
2025-02-28 00:00:00-05:00,194.7111307916049,200.11204525224895,192.11511432006486,198.36146545410156,39747200,0.0,0.0,0.824062171783968,225.7918862915039,177.33522773742675
2025-03-03 00:00:00-05:00,202.90699215276217,202.96666825154045,183.5413088934314,186.3660888671875,37435600,0.0,0.0,-6.0472312802557155,224.5592874145508,177.6079315185547
2025-03-04 00:00:00-05:00,188.20617708139594,192.91082990746335,179.51299976965817,186.47549438476562,37910500,0.0,0.0,0.058704627136374476,223.52271026611328,177.86022842407226
2025-03-05 00:00:00-05:00,190.83204167598672,193.04014844197357,186.0975505511234,190.5535430908203,25644500,0.0,0.0,2.1869086442212193,222.8972311401367,178.10524963378907
2025-03-06 00:00:00-05:00,180.07000271886616,185.82898909254828,176.65838753239495,178.488525390625,56864100,0.0,0.0,-6.331563037085575,222.13560150146483,178.301792678833
2025-03-07 00:00:00-05:00,186.72414759118644,194.43262347019277,180.58720797069248,193.91542053222656,74528900,0.0,0.0,8.64307389387613,221.63350646972657,178.58376899719238
2025-03-10 00:00:00-04:00,188.5841468404869,190.95138470065143,179.4632654949402,183.46173095703125,44217100,0.0,0.0,-5.390850065716169,220.68063934326173,178.80424179077147
2025-03-11 00:00:00-04:00,187.042439591706,194.57187198005923,184.3569091056981,189.07150268554688,42153200,0.0,0.0,3.0577340022097,219.69415313720702,179.06007171630858
2025-03-12 00:00:00-04:00,195.16867429968667,198.90852313623762,191.41886932882255,193.1893310546875,30409700,0.0,0.0,2.1779212153346883,218.67703216552735,179.33992065429686
2025-03-13 00:00:00-04:00,192.11510411325628,195.26813273843965,188.4548286880205,190.33470153808594,27236100,0.0,0.0,-1.4776331079036087,217.6746319580078,179.604979095459
2025-03-14 00:00:00-04:00,195.1487769988486,196.44181476434986,192.16485069863063,194.4923095703125,25900900,0.0,0.0,2.184366801549653,216.87812255859376,179.88365524291993
2025-03-17 00:00:00-04:00,187.04244732239061,195.66599238744354,186.4953911396409,193.4578857421875,26830600,0.0,0.0,-0.5318584731757947,216.1353237915039,180.15488754272462
2025-03-18 00:00:00-04:00,189.41963937638315,191.85650942710717,185.89859792830435,187.65911865234375,24951000,0.0,0.0,-2.9974312329513975,215.2737649536133,180.40785919189454
2025-03-19 00:00:00-04:00,188.3255247748892,197.2076862993918,185.89859571015103,194.52215576171875,37962700,0.0,0.0,3.6571828529629924,214.53812774658203,180.70824951171875
2025-03-20 00:00:00-04:00,191.07028483788687,193.38482919291238,188.49634126152503,190.0925750732422,31430000,0.59,0.0,-2.277159982692467,213.6371127319336,181.00400131225587
2025-03-21 00:00:00-04:00,187.7680500486342,191.61898656602207,186.93001097578843,191.20994567871094,43086500,0.0,0.0,0.5878033926565607,212.9130123901367,181.30861701965333
2025-03-24 00:00:00-04:00,193.84374430020844,196.22813145043023,190.22226345995867,190.8009033203125,33180300,0.0,0.0,-0.21392316019259727,212.16740295410156,181.6067916870117
2025-03-25 00:00:00-04:00,190.44176137033776,191.15010088317746,187.2392922281401,187.81793212890625,23417300,0.0,0.0,-1.5633946902224527,211.4615985107422,181.8495086669922
2025-03-26 00:00:00-04:00,186.22169108981652,187.61839753899602,177.1630107999646,178.8490447998047,30578500,0.0,0.0,-4.7753093793759245,210.55692108154298,182.05320625305177
2025-03-27 00:00:00-04:00,177.24281965455754,177.96113015709955,170.05972985209556,171.5861358642578,32151700,0.0,0.0,-4.06091569774758,209.5187225341797,182.21794296264648
2025-03-28 00:00:00-04:00,171.52626903406073,172.89306237053432,166.0790986557459,168.72286987304688,30391500,0.0,0.0,-1.6687047451643067,208.35761199951173,182.3516918182373
2025-03-31 00:00:00-04:00,164.1037511918917,167.54564688099268,160.2428283477029,167.03683471679688,35656400,0.0,0.0,-0.9992926018379311,207.13473205566407,182.46687850952148
2025-04-01 00:00:00-04:00,165.97932236837096,168.31383911147387,163.0362526513038,168.12428283691406,20472400,0.0,0.0,0.6510229447061144,205.77386138916015,182.57051063537597
2025-04-02 00:00:00-04:00,165.69001587700646,173.02274761070083,165.11137599540348,171.68589782714844,19523700,0.0,0.0,2.1184417444856773,204.42713073730468,182.60153160095214
2025-04-03 00:00:00-04:00,160.16301088631343,163.0462239364144,153.3390763295493,153.64834594726562,44354900,0.0,0.0,-10.506134812564994,202.70771331787108,182.5147434234619
2025-04-04 00:00:00-04:00,147.82206238532814,152.44119499712113,138.84319636718175,145.94647216796875,72302200,0.0,0.0,-5.012662994719297,200.84679077148436,182.34320640563965
2025-04-07 00:00:00-04:00,144.15071201050995,160.0532686888774,137.77571770816613,153.77804565429688,68503500,0.0,0.0,5.366058781684568,199.0545733642578,182.22381248474122
2025-04-08 00:00:00-04:00,167.22638511799587,169.3813165985967,152.73050609155888,155.66360473632812,58888200,0.0,0.0,1.2261562266632664,198.14690521240234,182.14733703613283
2025-04-09 00:00:00-04:00,160.123114367162,186.8901140660102,157.14012999619408,184.71522521972656,72708300,0.0,0.0,18.66307833010017,197.71622985839844,182.2535380554199
2025-04-10 00:00:00-04:00,174.88837180036646,176.53449125851327,166.00926122947524,171.89541625976562,51212200,0.0,0.0,-6.940309844362447,197.04925048828125,182.32588050842284
2025-04-11 00:00:00-04:00,173.21230129238546,182.23108212296813,172.9030316689023,181.5127716064453,33964100,0.0,0.0,5.594887610118748,196.3894155883789,182.45195541381835
2025-04-14 00:00:00-04:00,184.64539874647468,185.56323658454644,175.4071484698962,177.94117736816406,25748300,0.0,0.0,-1.9676820571200127,195.54654998779296,182.55463050842286
2025-04-15 00:00:00-04:00,179.30795233627114,181.83201015251177,177.66183296844753,178.52978515625,17242400,0.0,0.0,0.3307878461813685,194.78587768554686,182.66288856506347
2025-04-16 00:00:00-04:00,170.02978924275115,175.6665310556684,166.52803689933666,174.19998168945312,34638600,0.0,0.0,-2.4252555185721003,193.84511291503907,182.74016891479494
2025-04-17 00:00:00-04:00,175.83612867337777,175.83612867337777,169.52099099128955,170.58848571777344,22501800,0.0,0.0,-2.0731896390884352,192.6417434692383,182.78195541381837
2025-04-21 00:00:00-04:00,166.5978846170002,167.6055074853074,161.23051289880246,165.81971740722656,23469800,0.0,0.0,-2.795480767932057,191.35572998046874,182.79165199279785
2025-04-22 00:00:00-04:00,167.036832719992,170.11958833580871,164.8320307780285,169.18179321289062,18504900,0.0,0.0,2.027548869479334,190.2660626220703,182.7826932525635
2025-04-23 00:00:00-04:00,177.36253532226596,180.0262637945439,175.40714632423703,176.4945831298828,24380500,0.0,0.0,4.322444973609008,189.12034088134766,182.82310745239258
2025-04-24 00:00:00-04:00,179.2680501548512,188.12720280151248,177.88131479443535,187.7081756591797,27576900,0.0,0.0,6.353505207037857,188.19889099121093,182.89855438232422
2025-04-25 00:00:00-04:00,186.48107114597866,192.9159221602043,186.45114281005337,191.85841369628906,21242300,0.0,0.0,2.2110054730087647,187.33438598632813,183.0009567260742
2025-04-28 00:00:00-04:00,190.08260413931663,192.64657667894014,187.23929030191547,192.01805114746094,16385800,0.0,0.0,0.08320586420806908,186.48401489257813,183.09853134155273
2025-04-29 00:00:00-04:00,191.2698114084602,192.79621750124136,189.6536203038588,190.72109985351562,14630000,0.0,0.0,-0.6754319639195372,185.66260925292968,183.20877296447753
2025-04-30 00:00:00-04:00,185.46347124191809,192.7463327293127,183.58789613154812,192.01805114746094,22768900,0.0,0.0,0.6800250706090916,184.95685943603516,183.32810958862305
2025-05-01 00:00:00-04:00,197.67473373326993,200.9270732310785,195.77920133830008,196.86663818359375,24939700,0.0,0.0,2.5250683501674143,184.34410247802734,183.46500038146974
2025-05-02 00:00:00-04:00,203.42120345533738,205.197022507188,200.60783319120958,203.1618194580078,17766800,0.0,0.0,3.1976882078634805,183.8968359375,183.64345207214356
2025-05-05 00:00:00-04:00,199.77977491689845,202.75277304774025,199.5303619644429,200.24867248535156,14025400,0.0,0.0,-1.4339047466831567,183.55204040527343,183.87358322143555
2025-05-06 00:00:00-04:00,195.97872467507096,201.43588131262618,195.47989876833253,199.62014770507812,16348800,0.0,0.0,-0.3138721333193484,183.408125,184.07812751770018
2025-05-07 00:00:00-04:00,198.82202862218435,205.74573483186947,197.9640474303193,204.32907104492188,20253700,0.0,0.0,2.3589419174264936,183.4656103515625,184.32188774108886
2025-05-08 00:00:00-04:00,207.51157540365801,210.66415876041592,203.21169856053442,207.28211975097656,18460900,0.0,0.0,1.4452415855233047,183.37527130126952,184.5620722961426
2025-05-09 00:00:00-04:00,208.83845677173508,209.46698228806983,206.03505760039852,207.7111053466797,13289200,0.0,0.0,0.206957356581694,183.5946893310547,184.79100440979005
2025-05-12 00:00:00-04:00,218.97460372987726,221.27917700132767,215.37308004618967,221.0596923828125,25437700,0.0,0.0,6.426515815730416,184.0486538696289,185.148129196167
2025-05-13 00:00:00-04:00,221.47870679365386,234.72752191014024,221.47870679365386,231.87423706054688,28790500,0.0,0.0,4.8921377575277925,184.9588168334961,185.5696095275879
2025-05-14 00:00:00-04:00,229.68937457954962,232.95170029797106,227.8137995069209,231.57493591308594,19751400,0.0,0.0,-0.1290790866873115,185.8608056640625,185.9778768157959
2025-05-15 00:00:00-04:00,229.61954722393165,233.90945310721304,227.53445856747396,232.09371948242188,18803700,0.0,0.0,0.22402405825587834,186.69160919189454,186.39570861816406
2025-05-16 00:00:00-04:00,231.77447606975397,232.09371673337853,225.85839291378878,228.07318115234375,23094600,0.0,0.0,-1.732290877600684,187.6833023071289,186.82656021118163
2025-05-19 00:00:00-04:00,221.3290583386423,230.70697918723184,221.0796453881696,230.08843994140625,15355500,0.0,0.0,0.8836018241515253,188.4067626953125,187.18265502929688
2025-05-20 00:00:00-04:00,225.95817080511387,231.22577130441786,225.80851389528334,231.13597106933594,11787200,0.0,0.0,0.45527325414369546,189.3602474975586,187.61151779174804
2025-05-21 00:00:00-04:00,227.85370195262277,235.94465894217993,227.29501936077983,229.1905517578125,17642900,0.0,0.0,-0.8416774345088252,190.1626284790039,188.04647315979003
2025-05-22 00:00:00-04:00,227.8038180082913,233.1412614535695,226.89595117832394,229.98867797851562,14340200,0.0,0.0,0.34823696464874043,190.89861541748047,188.49402114868164
2025-05-23 00:00:00-04:00,226.4071033658377,230.108383042492,225.648878250328,228.18292236328125,15385600,0.0,0.0,-0.7851497869834523,191.65557983398438,188.92344413757326
2025-05-27 00:00:00-04:00,232.32317828243157,235.92470202092926,230.58727382970477,235.09664916992188,17941700,0.0,0.0,3.0299054526234714,192.46766662597656,189.42525466918946
2025-05-28 00:00:00-04:00,236.5931224081403,240.42411695641965,233.87950824696512,238.86776733398438,20443000,0.0,0.0,1.604071422275699,193.3758642578125,189.89910430908202
2025-05-29 00:00:00-04:00,245.33256025960023,245.4921882027161,236.84253361349565,241.4018096923828,20743700,0.0,0.0,1.060855713887654,194.45071807861328,190.37316619873047
2025-05-30 00:00:00-04:00,240.6535767654499,242.5989947983718,234.34840986361613,241.5015869140625,27088600,0.0,0.0,0.04133242489228195,195.39030670166017,190.845947265625
2025-06-02 00:00:00-04:00,242.67880616467087,249.4129559760235,242.61894949091,248.12599182128906,19197000,0.0,0.0,2.743006781807944,196.55097503662108,191.3145751953125
2025-06-03 00:00:00-04:00,249.49277982929087,257.27446740851076,248.8143686462306,256.24688720703125,30380200,0.0,0.0,3.272891858742155,197.8517138671875,191.81624366760255
2025-06-04 00:00:00-04:00,257.45402146524435,264.8067103711191,256.9851239006921,260.4669189453125,31536000,0.0,0.0,1.646861659190324,199.2450341796875,192.29728782653808
2025-06-05 00:00:00-04:00,262.3325692211033,264.26801626853916,258.45168886492036,259.31964111328125,41970900,0.0,0.0,-0.4404696906143868,200.675068359375,192.7746224975586
2025-06-06 00:00:00-04:00,250.55027958727013,254.72047214611732,245.55204940701566,246.35015869140625,41146700,0.0,0.0,-5.001349826876167,202.02509063720703,193.1772718811035
2025-06-09 00:00:00-04:00,244.47458656047718,247.58725543150763,240.54383587321186,243.70639038085938,25334100,0.0,0.0,-1.0731749979745797,203.46749572753907,193.57540336608886
2025-06-10 00:00:00-04:00,243.64653160517528,245.70169194322193,240.8331461321887,244.05557250976562,25491300,0.0,0.0,0.1432798411073799,204.97414978027345,193.97612113952636
2025-06-11 00:00:00-04:00,245.78150896713396,254.17176463108655,243.2275226814361,252.31613159179688,24599000,0.0,0.0,3.3847041463069605,206.67973571777344,194.43514793395997
2025-06-12 00:00:00-04:00,249.60250675702045,257.2844378101398,248.9141245780251,255.4687042236328,20410900,0.0,0.0,1.2494534582260686,208.42662414550782,194.8900640106201
2025-06-13 00:00:00-04:00,250.07140152242098,253.40355485000956,247.76682832146625,248.11599731445312,19028400,0.0,0.0,-2.878124321147091,209.9552261352539,195.34153694152832
2025-06-16 00:00:00-04:00,249.76213546434295,254.5907665469055,248.98396827430017,251.50802612304688,20363000,0.0,0.0,1.3671141100566775,211.91241973876953,195.80121963500977
2025-06-17 00:00:00-04:00,250.3607154946569,253.36365714730493,247.33783176659227,248.784423828125,22014300,0.0,0.0,-1.0829086995376436,213.96917877197265,196.2631534576416
2025-06-18 00:00:00-04:00,250.30085661974033,255.0397026153405,248.82433623511847,250.66998291015625,30435500,0.0,0.0,0.7579088164031855,215.90701751708986,196.74069473266601
2025-06-20 00:00:00-04:00,253.2100067138672,253.52000427246094,244.1699981689453,249.99000549316406,42134900,0.59,0.0,-0.2712639978261433,217.79354553222657,197.1857177734375
2025-06-23 00:00:00-04:00,249.11000061035156,254.2100067138672,246.4600067138672,253.77000427246094,19747000,0.0,0.0,1.5120599608932084,219.17464111328124,197.6992258453369
2025-06-24 00:00:00-04:00,258.7699890136719,265.8699951171875,258.7699890136719,263.7699890136719,32764900,0.0,0.0,3.9405700330423787,221.01213256835936,198.25615882873535
2025-06-25 00:00:00-04:00,266.0,269.8699951171875,263.42999267578125,264.6499938964844,18894200,0.0,0.0,0.3336258556567273,222.67487701416016,198.82391845703125
2025-06-26 00:00:00-04:00,265.0799865722656,271.6700134277344,264.1300048828125,270.1700134277344,23569600,0.0,0.0,2.0857810914626684,224.51945373535156,199.49748695373535
2025-06-27 00:00:00-04:00,270.29998779296875,271.8500061035156,266.8800048828125,269.3500061035156,27477600,0.0,0.0,-0.3035152990574552,226.3358581542969,200.14807067871095
2025-06-30 00:00:00-04:00,274.7300109863281,277.7099914550781,272.1300048828125,275.6499938964844,24708400,0.0,0.0,2.3389595879747427,228.3648583984375,200.7936206817627
2025-07-01 00:00:00-04:00,274.3999938964844,274.5,262.6600036621094,264.739990234375,28847600,0.0,0.0,-3.957919065366078,230.24788848876952,201.3348873901367
2025-07-02 00:00:00-04:00,263.989990234375,272.0,262.7300109863281,269.8999938964844,17582100,0.0,0.0,1.9490835734870426,232.3294940185547,201.87085845947266
2025-07-03 00:00:00-04:00,270.7300109863281,275.79998779296875,270.1199951171875,275.17999267578125,10592700,0.0,0.0,1.9562796957016237,234.4494580078125,202.4177558898926
2025-07-07 00:00:00-04:00,275.1300048828125,277.55999755859375,272.6600036621094,274.17999267578125,16760600,0.0,0.0,-0.3633985124704253,236.40316619873047,202.97779647827147
2025-07-08 00:00:00-04:00,276.3500061035156,276.3500061035156,271.1499938964844,271.79998779296875,14869400,0.0,0.0,-0.8680446955977805,238.08500244140626,203.53359970092774
2025-07-09 00:00:00-04:00,272.9599914550781,279.45001220703125,272.7200012207031,277.8999938964844,20133000,0.0,0.0,2.2442996237961754,239.80583404541017,204.1238579559326
2025-07-10 00:00:00-04:00,279.7900085449219,281.17999267578125,272.70001220703125,275.3999938964844,17891600,0.0,0.0,-0.8996041939213661,241.47347290039062,204.67046798706053
2025-07-11 00:00:00-04:00,274.1400146484375,276.4700012207031,271.8900146484375,274.3800048828125,14274700,0.0,0.0,-0.3703663893526721,243.14665100097656,205.1937254333496
2025-07-14 00:00:00-04:00,274.1300048828125,278.3599853515625,269.5799865722656,275.6000061035156,11934200,0.0,0.0,0.4446392590539583,244.81829010009767,205.71395675659178
2025-07-15 00:00:00-04:00,279.80999755859375,283.3599853515625,277.8500061035156,280.94000244140625,17918400,0.0,0.0,1.9375893394882215,246.4997573852539,206.25146423339845
2025-07-16 00:00:00-04:00,280.1099853515625,281.510009765625,275.6700134277344,280.80999755859375,15031000,0.0,0.0,-0.04627496322443525,248.0527209472656,206.78494880676269
2025-07-17 00:00:00-04:00,281.1400146484375,288.2799987792969,279.9100036621094,286.45001220703125,17231100,0.0,0.0,2.008480715598693,249.7767477416992,207.3338865661621
2025-07-18 00:00:00-04:00,287.1099853515625,287.5299987792969,281.0,283.3399963378906,15012400,0.0,0.0,-1.0857098050646496,251.45114471435548,207.8940577697754
2025-07-21 00:00:00-04:00,283.9599914550781,290.5400085449219,283.6300048828125,288.2099914550781,17726800,0.0,0.0,1.718781386366608,253.12876312255858,208.4795213317871
2025-07-22 00:00:00-04:00,287.6499938964844,288.0,276.42999267578125,278.5899963378906,16564800,0.0,0.0,-3.3378423380186373,254.55492065429686,209.04183334350586
2025-07-23 00:00:00-04:00,276.7799987792969,284.0,273.0,283.69000244140625,20556200,0.0,0.0,1.8306494025471132,256.0744985961914,209.6138232421875
2025-07-24 00:00:00-04:00,289.7900085449219,291.20001220703125,283.5,288.7099914550781,16413800,0.0,0.0,1.7695332829745114,257.42750457763674,210.2048123931885
2025-07-25 00:00:00-04:00,288.07000732421875,292.5899963378906,287.2699890136719,290.17999267578125,12476200,0.0,0.0,0.509161880160236,258.5936196899414,210.77959190368654
2025-07-28 00:00:00-04:00,292.4599914550781,295.45001220703125,290.5899963378906,294.29998779296875,13683400,0.0,0.0,1.4198067479417098,259.8481207275391,211.38270889282228
2025-07-29 00:00:00-04:00,297.5,302.19000244140625,294.8699951171875,297.4200134277344,19210800,0.0,0.0,1.0601514659118738,261.15464660644534,211.9734024810791
2025-07-30 00:00:00-04:00,297.1499938964844,303.260009765625,295.79998779296875,302.6199951171875,16738900,0.0,0.0,1.7483630739989264,262.6455828857422,212.56420516967773
2025-07-31 00:00:00-04:00,302.79998779296875,306.95001220703125,290.2300109863281,293.70001220703125,25488500,0.0,0.0,-2.947585438530609,263.9178143310547,213.11169754028322
2025-08-01 00:00:00-04:00,286.5400085449219,292.6400146484375,281.6099853515625,288.6400146484375,21428100,0.0,0.0,-1.7228455390825514,265.0678952026367,213.65477119445802
2025-08-04 00:00:00-04:00,292.20001220703125,298.4800109863281,291.3999938964844,297.7200012207031,17164600,0.0,0.0,3.145782327971758,266.43848419189453,214.239128036499
2025-08-05 00:00:00-04:00,297.80999755859375,301.20001220703125,291.45001220703125,292.92999267578125,18477500,0.0,0.0,-1.6088971265894147,267.69731048583986,214.8309310913086
2025-08-06 00:00:00-04:00,292.8999938964844,302.80999755859375,291.8999938964844,301.6700134277344,17392100,0.0,0.0,2.9836551293764835,269.1670523071289,215.46226791381835
2025-08-07 00:00:00-04:00,306.1700134277344,310.3399963378906,299.8800048828125,303.760009765625,16319400,0.0,0.0,0.6928087794152882,270.54031951904295,216.08069343566893
2025-08-08 00:00:00-04:00,304.04998779296875,307.8699951171875,302.54998779296875,304.9700012207031,12458700,0.0,0.0,0.3983379695081446,271.8623641967773,216.71330322265624
2025-08-11 00:00:00-04:00,305.04998779296875,308.30999755859375,301.2900085449219,303.8999938964844,12396400,0.0,0.0,-0.3508565825936394,273.11232788085937,217.340066986084
2025-08-12 00:00:00-04:00,306.6300048828125,313.44000244140625,304.6700134277344,312.8299865722656,17609600,0.0,0.0,2.9384642497962687,274.5388958740234,218.0145063018799
2025-08-13 00:00:00-04:00,316.75,317.3500061035156,304.75,309.0899963378906,17371200,0.0,0.0,-1.1955344419998681,275.7581759643555,218.69936042785645
2025-08-14 00:00:00-04:00,307.010009765625,314.1700134277344,307.0,311.2300109863281,15717600,0.0,0.0,0.6923597249320457,276.8578384399414,219.40562805175782
2025-08-15 00:00:00-04:00,311.0299987792969,311.5,299.760009765625,306.3399963378906,22806900,0.0,0.0,-1.5711899482123926,277.77529998779295,220.0792617034912
2025-08-18 00:00:00-04:00,302.70001220703125,306.1700134277344,299.0,305.760009765625,14724700,0.0,0.0,-0.18932773362897448,278.7041073608398,220.75485610961914
2025-08-19 00:00:00-04:00,302.4200134277344,302.8999938964844,292.3900146484375,294.9100036621094,20149600,0.0,0.0,-3.548536681377168,279.6753042602539,221.34038986206053
2025-08-20 00:00:00-04:00,295.4599914550781,295.489990234375,281.8699951171875,291.1700134277344,23600500,0.0,0.0,-1.26818018647481,280.62457672119143,221.92011947631835
2025-08-21 00:00:00-04:00,290.05999755859375,292.3900146484375,286.1700134277344,289.6000061035156,14946300,0.0,0.0,-0.5392063920786949,281.53546539306643,222.5260736846924
2025-08-22 00:00:00-04:00,291.75,300.0899963378906,289.010009765625,294.0,16301300,0.0,0.0,1.5193348769860338,282.3691427612305,223.1582438659668
2025-08-25 00:00:00-04:00,292.80999755859375,298.3999938964844,291.7099914550781,294.2300109863281,15124700,0.0,0.0,0.07823502936330495,283.14436889648437,223.79339920043947
2025-08-26 00:00:00-04:00,294.3500061035156,300.25,293.989990234375,298.010009765625,25689100,0.0,0.0,1.2847087782192679,284.14224914550783,224.42091903686523
2025-08-27 00:00:00-04:00,297.5299987792969,301.17999267578125,293.7799987792969,300.25,13830300,0.0,0.0,0.7516493275298686,285.11708862304687,225.03161521911622
2025-08-28 00:00:00-04:00,302.92999267578125,311.0,302.3299865722656,308.6499938964844,18907100,0.0,0.0,2.7976665766809017,286.31440002441406,225.6631820678711
2025-08-29 00:00:00-04:00,307.010009765625,307.010009765625,293.6600036621094,297.3900146484375,21610700,0.0,0.0,-3.6481384969096364,287.24880065917966,226.23929229736328
2025-09-02 00:00:00-04:00,289.3399963378906,298.7099914550781,287.1700134277344,298.239990234375,19693000,0.0,0.0,0.2858117435255103,288.2138003540039,226.84311279296875
2025-09-03 00:00:00-04:00,302.2900085449219,304.45001220703125,296.3999938964844,302.3900146484375,18529400,0.0,0.0,1.3915050127252027,289.18620056152344,227.48102561950682
2025-09-04 00:00:00-04:00,305.05999755859375,308.7799987792969,302.25,306.1000061035156,31220800,0.0,0.0,1.2268895384629053,290.0328009033203,228.1505825805664
2025-09-05 00:00:00-04:00,355.7799987792969,356.3399963378906,331.4200134277344,334.8900146484375,78401600,0.0,0.0,9.405425668363353,291.4376013183594,228.9799613189697
2025-09-08 00:00:00-04:00,342.75,354.1700134277344,341.25,345.6499938964844,43535600,0.0,0.0,3.212988974706388,292.9472009277344,229.89061798095702
2025-09-09 00:00:00-04:00,349.54998779296875,350.9800109863281,335.8299865722656,336.6700134277344,26972300,0.0,0.0,-2.5979981563197474,294.29360107421877,230.75225799560548
2025-09-10 00:00:00-04:00,351.5199890136719,372.9700012207031,350.54998779296875,369.57000732421875,51086800,0.0,0.0,9.77217827079997,296.17200134277346,231.77998512268067
2025-09-11 00:00:00-04:00,371.17999267578125,374.2300109863281,358.760009765625,359.6300048828125,29430900,0.0,0.0,-2.6896128593806634,298.0698016357422,232.76842803955077
2025-09-12 00:00:00-04:00,362.9100036621094,364.3900146484375,357.1600036621094,359.8699951171875,31931500,0.0,0.0,0.06673253930888912,299.86920166015625,233.7546485900879
2025-09-15 00:00:00-04:00,359.8699951171875,365.5,356.3399963378906,364.0899963378906,21792200,0.0,0.0,1.172646032723268,301.64740173339845,234.76053077697753
2025-09-16 00:00:00-04:00,365.42999267578125,365.69000244140625,356.989990234375,360.0,21306500,0.0,0.0,-1.1233476280669175,303.3638018798828,235.74303657531738
2025-09-17 00:00:00-04:00,358.8500061035156,359.92999267578125,341.5,346.1700134277344,38503200,0.0,0.0,-3.841662936740453,304.8512023925781,236.65678924560547
2025-09-18 00:00:00-04:00,350.2300109863281,350.69000244140625,343.95001220703125,344.89019775390625,3188098,0.0,0.0,-0.36970726064788906,306.1910064697266,237.58928970336913
