Date,Close,High,Low,Open,Volume,Dividends,Stock Splits,Daily_Return,50_Day_MA,200_Day_MA
2023-09-15 00:00:00-04:00,,,,,0,0.87,0.0,,,
2023-09-18 00:00:00-04:00,115.9561767578125,117.02380616927846,115.26646441384551,116.29630067690036,1654500,0.0,0.0,,,
2023-09-19 00:00:00-04:00,114.86019897460938,116.54195446097799,114.57675396100082,115.98452173140224,1834000,0.0,0.0,-0.9451655046304186,,
2023-09-20 00:00:00-04:00,114.23662567138672,116.29629815279307,114.19883252379589,115.6916222079515,2497800,0.0,0.0,-0.5428976345065339,,
2023-09-21 00:00:00-04:00,108.2276611328125,114.09491262686709,108.1237317703999,113.13120530418772,3722800,0.0,0.0,-5.260103319105047,,
2023-09-22 00:00:00-04:00,107.77413940429688,109.56927423261529,107.37732217513442,108.22764995784375,3612300,0.0,0.0,-0.4190441923706434,,
2023-09-25 00:00:00-04:00,106.99939727783203,107.61352329548072,106.18686264678404,107.18835580250594,3221000,0.0,0.0,-0.7188571680990408,,
2023-09-26 00:00:00-04:00,105.34598541259766,106.81988209467214,104.87358189056808,105.91286819737202,3179200,0.0,0.0,-1.5452534381489746,,
2023-09-27 00:00:00-04:00,105.10978698730469,106.42306824356025,104.72241262696014,105.94121461747255,3226600,0.0,0.0,-0.22421208019258732,,
2023-09-28 00:00:00-04:00,105.94121551513672,106.91437286462396,105.14758102620263,105.8278432786067,2177000,0.0,0.0,0.7910096211425577,,
2023-09-29 00:00:00-04:00,106.01679992675781,107.83082776204529,105.29874453884182,107.74579858615957,3414600,0.0,0.0,0.071345614880447,,
2023-10-02 00:00:00-04:00,103.45637512207031,106.4797548907171,102.7761128720483,105.51605484205656,3570000,0.0,0.0,-2.4151123279106512,,
2023-10-03 00:00:00-04:00,101.56675720214844,103.09734720799878,101.02821747554835,102.91783156303018,2466300,0.0,0.0,-1.8264876550065479,,
2023-10-04 00:00:00-04:00,102.43597412109375,102.5493535570921,100.49912407885022,102.33204477350495,2700300,0.0,0.0,0.8558084779799691,,
2023-10-05 00:00:00-04:00,103.01231384277344,103.39968820203939,101.69903259017457,102.27536548040065,3377100,0.0,0.0,0.562634100592807,,
2023-10-06 00:00:00-04:00,102.89893341064453,103.69256782742367,101.04710535488253,102.04860567244879,2217300,0.0,0.0,-0.11006493097704961,,
2023-10-09 00:00:00-04:00,103.41858673095703,103.98546956261545,101.77462435665572,101.9635828977731,1818300,0.0,0.0,0.505013320438108,,
2023-10-10 00:00:00-04:00,104.24056243896484,105.23260550584604,102.70052235065943,103.28630531036951,2430400,0.0,0.0,0.7948046226411654,,
2023-10-11 00:00:00-04:00,106.19630432128906,106.39471291896791,104.98695255926269,105.19480403661308,3561700,0.0,0.0,1.8761812451552728,,
2023-10-12 00:00:00-04:00,103.59809112548828,106.18686034048409,103.4752615996429,105.83727914829377,2314500,0.0,0.0,-2.446613573237044,,
2023-10-13 00:00:00-04:00,103.59809112548828,104.4295187076234,102.8422426265978,104.06104454669831,2578700,0.0,0.0,0.0,,
2023-10-16 00:00:00-04:00,104.7979965209961,104.84523975693786,103.00286167979581,104.42952234722884,3131800,0.0,0.0,1.15823118213092,,
2023-10-17 00:00:00-04:00,102.1619873046875,106.91437298784707,101.55731134814386,104.15553082677249,5379100,0.0,0.0,-2.515324055627799,,
2023-10-18 00:00:00-04:00,98.61895751953125,102.21867729027599,98.45834205064105,101.68013755882208,3734600,0.0,0.0,-3.4680509636030643,,
2023-10-19 00:00:00-04:00,96.91831970214844,98.76069077130879,96.43646603471169,97.75919749354024,6388500,0.0,0.0,-1.7244532493116305,,
2023-10-20 00:00:00-04:00,96.7765884399414,99.16694917300875,96.37032111162877,97.07892641392016,5620500,0.0,0.0,-0.14623784506644366,,
2023-10-23 00:00:00-04:00,95.24600219726562,96.93720778463141,95.01925050979885,95.73730592980083,3978700,0.0,0.0,-1.581566644732102,,
2023-10-24 00:00:00-04:00,96.08688354492188,96.63487341777069,95.29324900491167,95.61447997349491,3050700,0.0,0.0,0.8828521179447435,,
2023-10-25 00:00:00-04:00,93.29024505615234,95.32158163261323,92.82729162515147,95.13262310804714,4069000,0.0,0.0,-2.9105309544794067,,
2023-10-26 00:00:00-04:00,94.13114166259766,94.94367645648119,93.25247065099369,93.36585011350317,3501400,0.0,0.0,0.9013767794683769,,
2023-10-27 00:00:00-04:00,91.94862365722656,93.79099455826344,91.30615456204086,93.73430844078719,4082900,0.0,0.0,-2.318592940468178,,
2023-10-30 00:00:00-04:00,93.42253112792969,93.61149688843743,91.60850307689573,92.77061907702148,3588700,0.0,0.0,1.6029684970573,,
2023-10-31 00:00:00-04:00,95.1893081665039,95.27433733912254,93.36583031230218,94.28229428371056,4561600,0.0,0.0,1.8911680268594466,,
2023-11-01 00:00:00-04:00,95.9924087524414,96.31364694432388,94.82084985894952,95.48221200649168,2585500,0.0,0.0,0.8436878063371678,,
2023-11-02 00:00:00-04:00,98.94020080566406,99.65825622100824,98.0331868533743,98.23159547965899,4532300,0.0,0.0,3.070859551847316,,
2023-11-03 00:00:00-04:00,100.669189453125,102.41708097396166,100.45188066991685,101.1888289818573,4562500,0.0,0.0,1.7475087309120951,,
2023-11-06 00:00:00-05:00,99.13861083984375,101.6234509566659,98.10876733643876,100.48968530227933,3147300,0.0,0.0,-1.5204042285389963,,
2023-11-07 00:00:00-05:00,98.47724151611328,99.48818476638387,97.76863623204589,99.20473976943462,3092600,0.0,0.0,-0.6671157868036848,,
2023-11-08 00:00:00-05:00,99.32756805419922,99.65825630659715,98.60006975719725,98.84572162208235,2588600,0.0,0.0,0.8634751796401607,,
2023-11-09 00:00:00-05:00,97.57967376708984,99.83776210463722,97.4568514420601,99.83776210463722,3350800,0.0,0.0,-1.7597272553331988,,
2023-11-10 00:00:00-05:00,98.77957916259766,98.96853768774842,96.89940795831095,98.647306753331,2385600,0.0,0.0,1.229667357129971,,
2023-11-13 00:00:00-05:00,96.82383728027344,98.19380472733242,96.48370613882456,98.19380472733242,2473500,0.0,0.0,-1.979905056190756,,
2023-11-14 00:00:00-05:00,103.29576873779297,103.88154456483927,99.82832818370511,100.14955915875547,5787500,0.0,0.0,6.684233592999833,,
2023-11-15 00:00:00-05:00,104.41062927246094,104.94916900344694,103.03121184236183,103.21072028048665,4620300,0.0,0.0,1.079289643991066,,
2023-11-16 00:00:00-05:00,104.18387603759766,105.08144711009916,103.9571243512873,104.60904355877399,3609900,0.0,0.0,-0.21717447394322686,,
2023-11-17 00:00:00-05:00,103.99491882324219,105.32710031491193,103.50362229526925,105.22317095563389,3125100,0.0,0.0,-0.18136896182214812,,
2023-11-20 00:00:00-05:00,104.87358856201172,104.94917486033818,102.69108645805485,103.78705895056389,3356200,0.0,0.0,0.844916029275411,,
2023-11-21 00:00:00-05:00,104.5051040649414,104.90192127957405,104.02325047099866,104.59958332438174,2717300,0.0,0.0,-0.35136062579991245,,
2023-11-22 00:00:00-05:00,105.38378143310547,105.97900729210413,104.65627595269011,105.97900729210413,2325300,0.0,0.0,0.8407985198675361,,
2023-11-24 00:00:00-05:00,105.81839752197266,105.84674058226561,104.67518177088382,105.70501807249457,1284500,0.0,0.0,0.41241269098231115,,
2023-11-27 00:00:00-05:00,105.69557189941406,106.29079777194679,105.1192389970528,105.61998560211612,2770900,0.0,0.0,-0.1160720871180132,102.22737014770507,
2023-11-28 00:00:00-05:00,105.92232513427734,105.95066819410266,104.19332640187167,104.8169025512532,3226900,0.0,0.0,0.2145342806594286,102.02669311523438,
2023-11-29 00:00:00-05:00,106.8010025024414,107.6418803003109,106.75375926099888,107.00886123149797,3241100,0.0,0.0,0.8295487915792599,101.86550918579101,
2023-11-30 00:00:00-05:00,108.58667755126953,108.87012255743956,106.10183753596188,106.82933581294958,8202800,0.0,0.0,1.671964688521821,101.75251022338867,
2023-12-01 00:00:00-05:00,111.7328872680664,111.93129588981454,108.4355053698027,108.70005740710617,4159700,0.0,0.0,2.8974177935515044,101.82261474609375,
2023-12-04 00:00:00-05:00,113.68863677978516,113.7358728084332,110.91090167958959,111.02428112329554,5388600,0.0,0.0,1.7503794626076097,101.94090469360351,
2023-12-05 00:00:00-05:00,112.10136413574219,112.74383325367388,111.23214333157169,112.43204517990421,3727700,0.0,0.0,-1.3961576891079353,102.04294403076172,
2023-12-06 00:00:00-05:00,112.47928619384766,113.3673999508463,111.97853238452724,112.98947567571842,2989100,0.0,0.0,0.3371252981791084,102.18561004638671,
2023-12-07 00:00:00-05:00,112.38480377197266,113.11230928928475,111.9218503026053,112.61156267021101,3072200,0.0,0.0,-0.08399984127936966,102.33111038208008,
2023-12-08 00:00:00-05:00,113.23512268066406,113.30125888535281,111.52502423920834,112.02577081875246,4257600,0.0,0.0,0.7566137770874226,102.47698852539062,
2023-12-11 00:00:00-05:00,115.26646423339844,115.76721083452605,112.80996725697082,112.84776040532276,5433200,0.0,0.0,1.7939147365636732,102.66198181152343,
2023-12-12 00:00:00-05:00,115.33259582519531,116.25850990199652,114.62399054064427,114.91687841826754,4197900,0.0,0.0,0.057372794625654144,102.89950622558594,
2023-12-13 00:00:00-05:00,122.10686492919922,122.28636615374337,115.38927920592957,115.6065879930283,5883200,0.0,0.0,5.873681291515687,103.31030838012695,
2023-12-14 00:00:00-05:00,129.55194091796875,129.92987239620678,124.33661626779002,125.14915092523705,9543800,0.0,0.0,6.097180525506385,103.85262771606445,
2023-12-15 00:00:00-05:00,127.6597671508789,130.03686703867123,126.8325410327004,129.54244070825018,8413600,0.87,0.0,-1.4605522338626775,104.34557678222656,
2023-12-18 00:00:00-05:00,126.1574478149414,128.37290681883428,125.88171059093219,127.9640525713952,3805000,0.0,0.0,-1.1768150369269703,104.8107470703125,
2023-12-19 00:00:00-05:00,127.17485809326172,127.99258112564735,126.64238998076277,127.31747829887111,2613300,0.0,0.0,0.8064607329507201,105.2858724975586,
2023-12-20 00:00:00-05:00,124.05609130859375,127.86895434249139,123.98002237040629,127.37452800727259,3448200,0.0,0.0,-2.452345401778133,105.68218307495117,
2023-12-21 00:00:00-05:00,124.52201843261719,125.86269186684844,122.867551534444,125.74859570444603,3256400,0.0,0.0,0.37557778832837396,106.04869735717773,
2023-12-22 00:00:00-05:00,125.8912124633789,126.67090824157857,124.37938031823636,124.62660800823491,2361300,0.0,0.0,1.0995597790623979,106.49455978393554,
2023-12-26 00:00:00-05:00,126.89909362792969,127.29844462660614,125.94825377146245,125.94825377146245,1215900,0.0,0.0,0.8005969160428617,106.96057983398437,
2023-12-27 00:00:00-05:00,127.58370208740234,127.59321977278894,126.25253191328528,127.27944083703277,2714600,0.0,0.0,0.5394904249512944,107.4162939453125,
2023-12-28 00:00:00-05:00,128.54405212402344,128.57257616115604,126.91810946413597,127.50764008509671,1953100,0.0,0.0,0.75272156310624,107.94393524169922,
2023-12-29 00:00:00-05:00,126.74696350097656,128.40141566661345,126.52827438307418,127.4886174735722,2938000,0.0,0.0,-1.3980332760266334,108.50649536132812,
2024-01-02 00:00:00-05:00,128.0020751953125,128.08766182125623,125.60596885955907,126.30958116872466,2899100,0.0,0.0,0.9902499118460195,109.12817047119141,
2024-01-03 00:00:00-05:00,124.1036376953125,126.48073763464912,123.72329299981867,126.46171677270776,3195000,0.0,0.0,-3.0456049201167623,109.67471145629882,
2024-01-04 00:00:00-05:00,123.88492584228516,124.6551183588539,122.67736959939138,123.62820951209457,3613800,0.0,0.0,-0.17623323303729288,110.24748992919922,
2024-01-05 00:00:00-05:00,124.14165496826172,125.51086674504872,121.98324433378038,122.858029809023,2393600,0.0,0.0,0.2072319325624905,110.80858535766602,
2024-01-08 00:00:00-05:00,126.62336730957031,127.09878733303886,123.90396419498357,124.39840508181781,3208700,0.0,0.0,1.999097194203725,111.47524780273437,
2024-01-09 00:00:00-05:00,126.52828216552734,127.726335308333,124.2272366633452,125.23513922195937,3109500,0.0,0.0,-0.07509288851125229,112.12319061279297,
2024-01-10 00:00:00-05:00,126.98466491699219,128.3538766228935,126.5567898860642,127.76434604977977,2354000,0.0,0.0,0.3606962361725419,112.82391143798829,
2024-01-11 00:00:00-05:00,124.86430358886719,126.4522044929938,124.17018001030969,126.15743193445626,2787500,0.0,0.0,-1.669777472351519,113.45274688720703,
2024-01-12 00:00:00-05:00,125.08299255371094,126.4331834793819,124.17969754461639,126.12890774525943,2380600,0.0,0.0,0.17514130024207653,114.05062057495117,
2024-01-16 00:00:00-05:00,123.5806655883789,125.06397354249589,122.81999075049012,123.86592046617044,4001200,0.0,0.0,-1.201064137226271,114.60238571166992,
2024-01-17 00:00:00-05:00,120.6235580444336,123.17180217599935,119.20680853362032,121.65046694345254,3912900,0.0,0.0,-2.3928561396447057,115.03605285644531,
2024-01-18 00:00:00-05:00,120.05305480957031,120.99438433427794,118.54121550811077,120.55699882527911,4062900,0.0,0.0,-0.47296170342872035,115.42373016357422,
2024-01-19 00:00:00-05:00,122.12589263916016,122.53474687740297,119.8628887830863,120.68061176823902,3559000,0.0,0.0,1.7266014870490398,115.88347579956054,
2024-01-22 00:00:00-05:00,122.4111328125,123.98001282946635,122.35407023175085,122.43013916408438,2280900,0.0,0.0,0.23356240611696055,116.36215362548828,
2024-01-23 00:00:00-05:00,121.7170181274414,123.59969169557881,121.63144601307145,123.40951209653483,3426400,0.0,0.0,-0.5670355866420951,116.80994262695313,
2024-01-24 00:00:00-05:00,119.27336883544922,123.44755574710459,119.14975499587402,123.44755574710459,3491500,0.0,0.0,-2.0076480097742877,117.24381652832031,
2024-01-25 00:00:00-05:00,119.99600219726562,121.15602812991442,119.33041711509009,120.64257367180757,2590400,0.0,0.0,0.6058631267582992,117.66814498901367,
2024-01-26 00:00:00-05:00,120.63306427001953,121.0799529425143,119.57763136965326,120.65207787667194,2333000,0.0,0.0,0.5309027476653849,118.1443295288086,
2024-01-29 00:00:00-05:00,121.60292053222656,122.04031329270545,120.06255720284375,120.68060462073808,2553900,0.0,0.0,0.8039721680584533,118.51047256469727,
2024-01-30 00:00:00-05:00,120.30977630615234,121.43176772420742,119.39697083534479,120.78519627559378,2764300,0.0,0.0,-1.0634154347728186,118.8284555053711,
2024-01-31 00:00:00-05:00,120.4619140625,122.74392411015579,119.73927367843139,121.07045104245262,4811300,0.0,0.0,0.12645502387147456,119.15401626586915,
2024-02-01 00:00:00-05:00,124.0275650024414,124.04658586380708,119.99599840422444,120.38584626455663,3984000,0.0,0.0,2.95998197246925,119.55466918945312,
2024-02-02 00:00:00-05:00,122.89607238769531,123.86593326896508,120.28126233689328,121.9072051522965,4195000,0.0,0.0,-0.9122912432601771,119.9151188659668,
2024-02-05 00:00:00-05:00,120.67110443115234,121.78358545829781,119.88190551268166,121.20357249453822,3591800,0.0,0.0,-1.8104467566090743,120.23843887329102,
2024-02-06 00:00:00-05:00,124.0846176147461,124.32232761017664,120.6901191701712,121.26062170833785,3764300,0.0,0.0,2.828774294960801,120.61245559692382,
2024-02-07 00:00:00-05:00,122.74392700195312,124.59806202293939,122.4206448975076,123.90395291429661,3907500,0.0,0.0,-1.0804647977846082,120.95096618652343,
2024-02-08 00:00:00-05:00,125.18757629394531,125.86266445267535,122.45865609864396,122.68686288241067,3261000,0.0,0.0,1.9908514837995162,121.34080627441406,
2024-02-09 00:00:00-05:00,125.9672622680664,126.24301395599132,124.03705848725221,124.92134711333532,2870400,0.0,0.0,0.6228141778944263,121.74170501708984,
2024-02-12 00:00:00-05:00,125.55843353271484,127.63125791104221,125.32072351637449,126.46172869307465,2523800,0.0,0.0,-0.324551576330645,122.11685363769531,
2024-02-13 00:00:00-05:00,124.44593811035156,124.55053108588032,120.98487399579365,122.42064436087036,4759100,0.0,0.0,-0.8860379912858818,122.43403884887695,
2024-02-14 00:00:00-05:00,124.0846176147461,125.33973335477941,122.87704677553224,124.50298952809054,4294100,0.0,0.0,-0.2903433419297885,122.68107345581055,
2024-02-15 00:00:00-05:00,126.55679321289062,126.64236531959274,125.225608682198,125.225608682198,3409200,0.0,0.0,1.9923304319799495,122.93843658447265,
2024-02-16 00:00:00-05:00,126.83253479003906,127.58369193379652,124.86430372432928,125.45381982471274,3421200,0.0,0.0,0.21787971245810223,123.2330599975586,
2024-02-20 00:00:00-05:00,126.79450988769531,127.35550196174371,125.10201598074758,125.8436699620543,2995200,0.0,0.0,-0.02998040085432363,123.51936447143555,
2024-02-21 00:00:00-05:00,126.8610610961914,127.87846678045173,126.4902341056602,126.68991687379201,2436400,0.0,0.0,0.05248745277302014,123.80888961791992,
2024-02-22 00:00:00-05:00,126.88008880615234,128.2112589700019,126.442696033078,126.9466400600115,2946900,0.0,0.0,0.014998857645154295,124.08178894042969,
2024-02-23 00:00:00-05:00,126.6613998413086,127.60272213389362,126.50926196276288,126.91811618910452,2131800,0.0,0.0,-0.17235877346986062,124.3096876525879,
2024-02-26 00:00:00-05:00,126.0433349609375,126.67089277770592,125.06397102355595,126.29056262075471,2000500,0.0,0.0,-0.4879662479219782,124.52390243530273,
2024-02-27 00:00:00-05:00,125.9767837524414,127.84993951878612,125.27315700232583,126.69941685434473,2976900,0.0,0.0,-0.0528002599397448,124.60130081176757,
2024-02-28 00:00:00-05:00,127.40302276611328,128.46795863866427,125.44428070243826,125.52986730614641,2478800,0.0,0.0,1.1321443294461275,124.55832244873046,
2024-02-29 00:00:00-05:00,126.71845245361328,129.0289867184662,126.46172158796278,128.43947055383714,5131300,0.0,0.0,-0.5373265858508947,124.53949615478516,
2024-03-01 00:00:00-05:00,127.98307037353516,128.10666970819216,123.8278896891334,126.49974777964779,2786500,0.0,0.0,0.9979745612698432,124.57600860595703,
2024-03-04 00:00:00-05:00,127.04170989990234,127.98304655200408,124.52199016114204,127.65974998415243,3316200,0.0,0.0,-0.7355351538960053,124.57334564208985,
2024-03-05 00:00:00-05:00,125.92925262451172,127.14632667061389,125.30169473892768,126.5092656080969,2328800,0.0,0.0,-0.8756630214337813,124.6108088684082,
2024-03-06 00:00:00-05:00,126.53778839111328,127.27944242719673,125.91023051176053,126.57581560713453,2245500,0.0,0.0,0.4832362250382527,124.65112426757813,
2024-03-07 00:00:00-05:00,126.21449279785156,127.94501386104493,125.48234201678322,127.45057305356166,2080400,0.0,0.0,-0.25549331734995295,124.65758987426757,
2024-03-08 00:00:00-05:00,128.42996215820312,128.7722506202723,126.8705706736662,127.16534325267007,2942200,0.0,0.0,1.7553208916347707,124.68820724487304,
2024-03-11 00:00:00-04:00,127.52666473388672,129.08604185841418,126.60434871116405,128.06865053449752,2068900,0.0,0.0,-0.7033385427644201,124.68706649780273,
2024-03-12 00:00:00-04:00,127.95454406738281,128.36339829780093,126.26203554185317,127.03222811892007,1729200,0.0,0.0,0.3355214647767779,124.67527633666992,
2024-03-13 00:00:00-04:00,126.77548217773438,128.6201138552086,126.17644841417015,128.08764584700265,3061400,0.0,0.0,-0.9214693376012661,124.67584671020508,
2024-03-14 00:00:00-04:00,124.32231903076172,126.63285306273795,123.13376913563016,126.37613673162885,3076000,0.0,0.0,-1.935045408491065,124.60225158691406,
2024-03-15 00:00:00-04:00,123.58476257324219,124.80125060244593,122.01384433300665,122.4257299620704,6698800,0.96,0.0,-0.5932615022545051,124.59187408447265,
2024-03-18 00:00:00-04:00,122.74183654785156,124.34148258549979,122.49278754005307,123.37403618888072,2274300,0.0,0.0,-0.6820630697826235,124.56901229858398,
2024-03-19 00:00:00-04:00,122.46405029296875,123.42193051260999,121.61154398623869,122.68436427816421,2641200,0.0,0.0,-0.2263174991474992,124.53546020507812,
2024-03-20 00:00:00-04:00,123.27823638916016,123.84337787894954,121.34333639246942,121.84142707316532,2565700,0.0,0.0,0.6648368188408194,124.46855758666992,
2024-03-21 00:00:00-04:00,124.41812896728516,124.93537397945886,122.90468780546793,123.53688752166678,3020100,0.0,0.0,0.92465029636426,124.42635452270508,
2024-03-22 00:00:00-04:00,123.20160675048828,124.71504767448533,122.61730370145133,124.71504767448533,2738500,0.0,0.0,-0.9777692583021858,124.350693359375,
2024-03-25 00:00:00-04:00,121.7743911743164,123.50814626400042,121.75523692994017,123.46982315926597,2472700,0.0,0.0,-1.1584390933004007,124.28889511108399,
2024-03-26 00:00:00-04:00,119.86821746826172,121.71691250919967,119.80116665570917,121.19007947629359,3567300,0.0,0.0,-1.565332158652355,124.184599609375,
2024-03-27 00:00:00-04:00,123.43150329589844,123.65180997188257,121.49659593261256,121.57322751903762,3202100,0.0,0.0,2.972669405532957,124.1816163635254,
2024-03-28 00:00:00-04:00,124.73421478271484,125.04072652164827,123.66140177247622,123.95834004381149,3676100,0.0,0.0,1.05541247739116,124.26382949829102,
2024-04-01 00:00:00-04:00,122.5311050415039,125.26104877381688,122.08090358928413,124.73421573228511,1762900,0.0,0.0,-1.7662433238937014,124.31339050292969,
2024-04-02 00:00:00-04:00,120.28968048095703,121.7935406409503,119.5808492735279,121.53491086559393,3187400,0.0,0.0,-1.8292698493069581,124.27666625976562,
2024-04-03 00:00:00-04:00,120.77819061279297,121.32418518218525,119.3701235866438,119.80116346901738,3585000,0.0,0.0,0.4061114219297224,124.24400741577148,
2024-04-04 00:00:00-04:00,119.43717956542969,123.2878328876103,119.08276394574929,122.83763143525675,4335800,0.0,0.0,-1.1103089395191224,124.19841064453125,
2024-04-05 00:00:00-04:00,119.48506164550781,119.65747905715172,118.05783309289384,118.80497277402075,5099600,0.0,0.0,0.040089761205308605,124.20264450073242,
2024-04-08 00:00:00-04:00,120.85482788085938,120.9697752652921,119.48506927532954,119.94485150506982,2821600,0.0,0.0,1.1463912027893652,124.2198210144043,
2024-04-09 00:00:00-04:00,120.94103240966797,121.45828464411335,120.29925202315843,121.04639901157296,2965800,0.0,0.0,0.07132899059156816,124.22598037719726,
2024-04-10 00:00:00-04:00,115.53862762451172,116.93712113066276,114.10181832679615,116.65933712281227,4753000,0.0,0.0,-4.466974258047085,124.10469451904297,
2024-04-11 00:00:00-04:00,115.18421936035156,117.15743524950625,113.88151159625221,116.11335726792143,4098100,0.0,0.0,-0.3067443948805981,124.00218338012695,
2024-04-12 00:00:00-04:00,113.98686981201172,115.39494407896791,113.50793338423016,114.93516189278203,3735300,0.0,0.0,-1.0395083241341974,123.87268249511719,
2024-04-15 00:00:00-04:00,110.91210174560547,114.92559145474378,110.33737947871927,114.86811411246208,3993800,0.0,0.0,-2.6974756579219994,123.61037322998047,
2024-04-16 00:00:00-04:00,109.90634155273438,111.03663193958761,109.16878258791904,110.75884790380266,5666400,0.0,0.0,-0.9068083437621333,123.35057861328124,
2024-04-17 00:00:00-04:00,102.0038833618164,106.80282865055861,101.1130612699899,104.12078159981483,11034000,0.0,0.0,-7.190174906446389,122.97723419189452,
2024-04-18 00:00:00-04:00,100.27971649169922,101.81231167395471,99.23563122791904,101.49621186224225,6310200,0.0,0.0,-1.6902953233666862,122.5011361694336,
2024-04-19 00:00:00-04:00,99.13026428222656,100.45213356010639,98.20112640081545,100.23181957779633,6932200,0.0,0.0,-1.1462459704578487,122.02886291503906,
2024-04-22 00:00:00-04:00,99.6954116821289,100.16476734981195,98.22986733651337,99.42720844345288,3673000,0.0,0.0,0.5701058137940196,121.51901962280273,
2024-04-23 00:00:00-04:00,100.413818359375,101.16095805580538,99.68583290552398,100.13603434003724,4232300,0.0,0.0,0.7206015453717018,121.0079507446289,
2024-04-24 00:00:00-04:00,98.83332824707031,100.18392526506027,98.08618853822604,99.40805053787435,4819700,0.0,0.0,-1.573976707715874,120.47344863891601,
2024-04-25 00:00:00-04:00,98.99617004394531,99.68583975201427,97.35820814127693,97.71262377125426,3798800,0.0,0.0,0.16476405253491588,119.9644532775879,
2024-04-26 00:00:00-04:00,99.67625427246094,100.22224154758587,98.43102385431149,99.07279696037247,4037600,0.0,0.0,0.6869803429907728,119.47628601074219,
2024-04-29 00:00:00-04:00,100.58623504638672,101.12264153060943,99.7720445448372,101.01727492720993,2840500,0.0,0.0,0.9129363664071688,118.95687484741211,
2024-04-30 00:00:00-04:00,97.75093078613281,99.62836076278846,97.70303421871189,98.1915514360427,5607900,0.0,0.0,-2.818779586437814,118.37524276733399,
2024-05-01 00:00:00-04:00,97.58808898925781,99.74330302680495,97.34862076286369,97.56893474666202,5526200,0.0,0.0,-0.1665884872557144,117.79111434936523,
2024-05-02 00:00:00-04:00,100.12644958496094,100.16476537658701,96.85052613482709,99.43677995167171,5836200,0.0,0.0,2.60109673423623,117.25642211914062,
2024-05-03 00:00:00-04:00,101.42916870117188,103.52691285421497,100.95981298983024,102.25294004401114,3517600,0.0,0.0,1.3010739136470884,116.74740371704101,
2024-05-06 00:00:00-04:00,100.26055908203125,102.12841570366616,99.81035763002708,101.89852093584025,4259700,0.0,0.0,-1.1521435442141459,116.21938690185547,
2024-05-07 00:00:00-04:00,103.22039031982422,103.44069700410269,101.0364411804188,101.99431412282404,4088000,0.0,0.0,2.9521391710685574,115.7629280090332,
2024-05-08 00:00:00-04:00,101.4195785522461,102.80849862192427,100.86401783236498,102.44450224808233,2947700,0.0,0.0,-1.7446279383350305,115.2717839050293,
2024-05-09 00:00:00-04:00,103.59396362304688,103.79511607067332,101.57285106281208,102.01347175399249,4208800,0.0,0.0,2.143950016199936,114.79560272216797,
2024-05-10 00:00:00-04:00,102.96175384521484,103.93878827548149,102.47324393807163,103.89089170827602,2872800,0.0,0.0,-0.6102766567871565,114.32046875,
2024-05-13 00:00:00-04:00,103.14376068115234,104.4177334725622,102.69355922042926,103.75679879124613,3043100,0.0,0.0,0.17677130501401184,113.82368255615235,
2024-05-14 00:00:00-04:00,103.71847534179688,105.23191626165006,103.4885878944743,104.27404337181744,3727300,0.0,0.0,0.5571976984833249,113.35721786499023,
2024-05-15 00:00:00-04:00,105.35643768310547,106.78367355852077,104.76256116527247,105.94074073374067,4347500,0.0,0.0,1.5792387382390638,112.9457615661621,
2024-05-16 00:00:00-04:00,106.12274169921875,107.18598122521287,105.5575928761814,105.89285424462258,4232400,0.0,0.0,0.7273442733686464,112.53746063232421,
2024-05-17 00:00:00-04:00,106.8028335571289,106.8411493519558,105.5767573546305,106.44841793597301,3260600,0.0,0.0,0.6408540215043779,112.14922744750976,
2024-05-20 00:00:00-04:00,107.32965087890625,108.26836213669176,105.96946593976405,106.49629890647294,3941400,0.0,0.0,0.4932615589225531,111.72722122192383,
2024-05-21 00:00:00-04:00,105.94074249267578,107.01356278384874,105.12655197994172,106.83156459220584,2524900,0.0,0.0,-1.2940584217473017,111.29550277709961,
2024-05-22 00:00:00-04:00,104.61888122558594,106.70704447819442,103.99626236757145,105.48096831299134,3158100,0.0,0.0,-1.2477364571814586,110.82878952026367,
2024-05-23 00:00:00-04:00,101.18968963623047,104.79129368199882,100.95980219313591,104.59014125579233,4364600,0.0,0.0,-3.2777941698317603,110.3170736694336,
2024-05-24 00:00:00-04:00,100.33718872070312,101.6590507240468,100.1168747328173,101.48663330552455,3107600,0.0,0.0,-0.8424780415791644,109.83737106323242,
2024-05-28 00:00:00-04:00,100.57665252685547,101.75483938625715,99.97319524257078,101.28547641271226,4857000,0.0,0.0,0.23865907467162106,109.37720886230468,
2024-05-29 00:00:00-04:00,100.57665252685547,100.65328411126974,98.74711181591265,99.31226061598032,2945800,0.0,0.0,0.0,108.93390518188477,
2024-05-30 00:00:00-04:00,103.03839111328125,103.13417694498574,100.95980860253268,101.45789931219034,4325700,0.0,0.0,2.4476242990573382,108.54539199829101,
2024-05-31 00:00:00-04:00,105.83537292480469,105.9982168691847,103.02880508189088,103.21080326843848,14977800,0.0,0.0,2.714504546609642,108.1965347290039,
2024-06-03 00:00:00-04:00,102.87555694580078,106.32389812613123,102.4540905065636,106.10358413071432,3262400,0.0,0.0,-2.796622619836975,107.76568328857422,
2024-06-04 00:00:00-04:00,104.18783569335938,105.2415017659149,102.01346735124767,102.01346735124767,5538500,0.0,0.0,1.275598195060046,107.38540786743164,
2024-06-05 00:00:00-04:00,104.15909576416016,104.82961117035649,102.99048967186641,104.40814476120394,2824700,0.0,0.0,-0.027584726189922026,107.03310195922852,
2024-06-06 00:00:00-04:00,105.3756103515625,105.59591704819965,103.06713292303021,103.4407028068854,3144300,0.0,0.0,1.1679388904803911,106.74324981689453,
2024-06-07 00:00:00-04:00,105.55758666992188,105.63421825294517,103.25869764314251,103.49816585909787,4786900,0.0,0.0,0.17269301478042287,106.385771484375,
2024-06-10 00:00:00-04:00,106.48673248291016,106.63999566042172,104.4752007800094,105.17445123842246,5780800,0.0,0.0,0.8802264643409385,106.02082183837891,
2024-06-11 00:00:00-04:00,106.87945556640625,107.63617600342837,105.44264627514677,106.2472559704169,7061100,0.0,0.0,0.3688000132402669,105.70778884887696,
2024-06-12 00:00:00-04:00,108.0576400756836,111.10367620593676,107.70323177794349,109.2549812069468,4650500,0.0,0.0,1.1023489060957292,105.46314804077149,
2024-06-13 00:00:00-04:00,107.64575958251953,108.66110987982468,106.75493744593528,108.46953090486586,3122200,0.0,0.0,-0.38116739628552,105.20049942016601,
2024-06-14 00:00:00-04:00,107.5595474243164,107.70322981905277,105.7683224936487,107.22429337525831,3672400,0.0,0.0,-0.08008876386537134,104.96294677734375,
2024-06-17 00:00:00-04:00,107.51124572753906,108.21652584211628,106.31324324285399,106.7480000096568,2696200,0.96,0.0,-0.04490693567795745,104.72347045898438,
2024-06-18 00:00:00-04:00,106.3228988647461,108.20685454457472,106.25526987549601,107.51123787171277,4337100,0.0,0.0,-1.1053233126928297,104.43283187866211,
2024-06-20 00:00:00-04:00,105.46305084228516,106.44850296960139,105.11524247475998,105.69492063029939,4760600,0.0,0.0,-0.8087138628102619,104.12327224731445,
2024-06-21 00:00:00-04:00,105.69491577148438,106.23594770898212,104.78674870124972,105.67558899028384,6708800,0.0,0.0,0.219854183382151,103.9263980102539,
2024-06-24 00:00:00-04:00,107.84938049316406,109.31790618666312,105.60795313504003,105.74321111062457,2924200,0.0,0.0,2.0383806599909793,103.77970123291016,
2024-06-25 00:00:00-04:00,106.11034393310547,107.75276638467464,105.93643977238582,107.74310299491059,2929900,0.0,0.0,-1.6124678251339786,103.62217071533203,
2024-06-26 00:00:00-04:00,106.67071533203125,107.54022886837937,104.9220101264027,105.26981848934498,3385000,0.0,0.0,0.528102518713025,103.53734298706054,
2024-06-27 00:00:00-04:00,107.57886505126953,108.19718933429937,106.16831231991979,106.7769732129316,3174300,0.0,0.0,0.8513580474373894,103.49079345703124,
2024-06-28 00:00:00-04:00,108.50634765625,108.92178496031863,106.62239207443098,108.1295565398862,5436400,0.0,0.0,0.8621420244008471,103.62084274291992,
2024-07-01 00:00:00-04:00,108.1585464477539,109.73334737346764,107.41462755580238,108.20685602831225,2405800,0.0,0.0,-0.3205353566944624,103.77841934204102,
2024-07-02 00:00:00-04:00,109.37586975097656,109.71401468365114,107.28902718718003,108.83483785869721,2945400,0.0,0.0,1.1254989487221811,103.98333145141602,
2024-07-03 00:00:00-04:00,109.46282958984375,110.49659120591558,109.0763750648341,109.83962072470125,1339500,0.0,0.0,0.07950550616435681,104.17867980957031,112.31646896362305
2024-07-05 00:00:00-04:00,110.58354949951172,111.04729644522176,109.259945028492,109.8299671623646,2252300,0.0,0.0,1.0238360490655074,104.38207443237305,112.28960582733154
2024-07-08 00:00:00-04:00,110.53524780273438,111.29848616345568,109.95556227513731,110.7477908090446,2185700,0.0,0.0,-0.04367891697811821,104.61611282348633,112.26798107147216
2024-07-09 00:00:00-04:00,110.5738754272461,111.18254369538217,108.99908190997147,110.88303757085237,2196100,0.0,0.0,0.03494597902440333,104.84766693115235,112.24966732025146
2024-07-10 00:00:00-04:00,112.59310150146484,112.69937668414236,110.45794919941075,111.11491970550487,2998300,0.0,0.0,1.8261330412963073,105.10600387573243,112.27149452209473
2024-07-11 00:00:00-04:00,116.33203125,116.76678797662726,114.07127710692042,114.4673950155866,4242900,0.0,0.0,3.320744964545197,105.4209197998047,112.31428398132324
2024-07-12 00:00:00-04:00,116.0808334350586,118.45751874798854,115.78132731659116,117.86817727194826,4003400,0.0,0.0,-0.21593177067593672,105.7875178527832,112.35969116210937
2024-07-15 00:00:00-04:00,117.03730773925781,117.24019470969054,115.11470584429394,116.27406206705443,3264700,0.0,0.0,0.8239726369076328,106.1765022277832,112.41814777374267
2024-07-16 00:00:00-04:00,117.37545776367188,118.03242828390303,116.80544301796041,118.03242828390303,4508600,0.0,0.0,0.28892498549899504,106.52148239135742,112.47947612762451
2024-07-17 00:00:00-04:00,119.03720092773438,124.78569452153344,117.76190614593983,120.22554731056901,8941300,0.0,0.0,1.4157501028948527,106.87364303588868,112.5449560546875
2024-07-18 00:00:00-04:00,118.46719360351562,123.00801431736005,117.94548106418333,118.3512550266615,4631900,0.0,0.0,-0.47884805739408787,107.23777572631836,112.6072080230713
2024-07-19 00:00:00-04:00,119.55891418457031,119.58789698440543,117.5107103344721,118.79566851454796,3485200,0.0,0.0,0.921538316091497,107.56454620361328,112.68772071838379
2024-07-22 00:00:00-04:00,122.370361328125,122.94037603649772,119.36568828678622,120.428432695808,6266100,0.0,0.0,2.351516123017383,107.98356185913086,112.79173873901367
2024-07-23 00:00:00-04:00,121.42355346679688,122.30273035782663,120.38012842097511,121.69406943326757,3708200,0.0,0.0,-0.7737231884029083,108.34015365600585,112.88667663574219
2024-07-24 00:00:00-04:00,118.91161346435547,122.65054226381727,118.68939970201954,121.16270440507488,4082500,0.0,0.0,-2.0687419621006953,108.65915084838868,112.96617313385009
2024-07-25 00:00:00-04:00,116.35135650634766,120.0226635617316,116.18711572323498,119.54925325133779,3402100,0.0,0.0,-2.153075619292022,108.92330276489258,113.03343524932862
2024-07-26 00:00:00-04:00,118.52515411376953,119.09516884071029,116.31270945483273,117.07595513489446,3373900,0.0,0.0,1.8683044810941185,109.21943634033204,113.10896808624267
2024-07-29 00:00:00-04:00,119.75214385986328,120.21589079385257,117.26918314383433,118.72804556818824,2376300,0.0,0.0,1.0352146388402872,109.50735046386718,113.18652599334717
2024-07-30 00:00:00-04:00,121.81965637207031,122.40899784957062,119.37534206588387,119.87773514719895,2663900,0.0,0.0,1.7264931094899572,109.82128875732423,113.26464275360108
2024-07-31 00:00:00-04:00,121.78102111816406,124.18668193510139,121.00811206475683,121.82932332712264,3960100,0.0,0.0,-0.031715123040776394,110.12085250854493,113.35555740356445
2024-08-01 00:00:00-04:00,123.39446258544922,125.2687622752693,121.54914569561488,123.51039378539217,3871100,0.0,0.0,1.324871028729202,110.44214874267578,113.45453926086425
2024-08-02 00:00:00-04:00,119.78113555908203,124.09974254255908,118.27396353265986,122.84377445338276,5728500,0.0,0.0,-2.9282732390564115,110.7189566040039,113.52945495605469
2024-08-05 00:00:00-04:00,114.91181182861328,118.95990234078516,114.51569393133508,115.93591000829778,5157400,0.0,0.0,-4.065184144181833,110.92481521606446,113.59320407867432
2024-08-06 00:00:00-04:00,116.95035552978516,118.17734070272022,114.08094049526747,114.93113453952917,4016200,0.0,0.0,1.7740071005166058,111.24002853393554,113.68486106872558
2024-08-07 00:00:00-04:00,116.0808334350586,119.86807146032875,115.93591207076878,118.8729560610824,2967000,0.0,0.0,-0.7434967519231783,111.55490142822265,113.78067363739014
2024-08-08 00:00:00-04:00,117.8585205078125,118.37056963555027,115.67506601485546,116.51559670717702,2806500,0.0,0.0,1.531421699990143,111.9005387878418,113.8860832977295
2024-08-09 00:00:00-04:00,117.77157592773438,118.47684866093067,116.33204028910814,118.20633268814264,1901800,0.0,0.0,-0.07377029654157541,112.24443725585938,113.99871116638184
2024-08-12 00:00:00-04:00,115.92625427246094,116.79577512913347,114.72825185382717,116.5928881577444,2836800,0.0,0.0,-1.5668650442495102,112.50219451904297,114.09790802001953
2024-08-13 00:00:00-04:00,118.52515411376953,118.80533346753958,116.31270945483273,117.17256692595137,2719500,0.0,0.0,2.2418561331244424,112.75599014282227,114.22408256530761
2024-08-14 00:00:00-04:00,119.2400894165039,120.12892968190314,118.1097159895718,118.61210172231702,2182300,0.0,0.0,0.6031928902181516,113.08328079223632,114.34962730407715
2024-08-15 00:00:00-04:00,120.54436492919922,121.12405040365542,119.00821758650848,119.91638461688333,2792300,0.0,0.0,1.0938229911414243,113.41041137695312,114.49260601043702
2024-08-16 00:00:00-04:00,118.68939208984375,120.44775318113747,117.94547320818398,120.17723722417028,2899000,0.0,0.0,-1.5388299904727787,113.7010173034668,114.61894031524658
2024-08-19 00:00:00-04:00,120.47674560546875,120.67963996041023,118.71838437370083,118.96958094138412,1664900,0.0,0.0,1.5059083917727367,114.00304000854493,114.7453775024414
2024-08-20 00:00:00-04:00,119.94536590576172,120.67962875875348,118.63142495662146,120.47673442264495,2108400,0.0,0.0,-0.44106412157510766,114.29079559326172,114.865142288208
2024-08-21 00:00:00-04:00,120.25453186035156,120.93082176546115,119.16279725080835,120.0516448888187,2086400,0.0,0.0,0.2577556475443554,114.56615158081054,114.97171394348145
2024-08-22 00:00:00-04:00,121.71339416503906,121.77135976516189,120.25453180355497,120.8438733081609,2770000,0.0,0.0,1.213145385973169,114.8628303527832,115.07693496704101
2024-08-23 00:00:00-04:00,124.495849609375,124.98857193689261,121.91627729117015,122.41866300873916,2938700,0.0,0.0,2.286071687856328,115.19159454345703,115.20372116088868
2024-08-26 00:00:00-04:00,124.53449249267578,125.56826150271964,124.19635491091523,125.50062514115895,2278600,0.0,0.0,0.03103949522977878,115.52936920166016,115.33400741577148
2024-08-27 00:00:00-04:00,124.57315063476562,124.8823054278006,123.84855112175933,123.84855112175933,2042700,0.0,0.0,0.031042116377610895,115.86964126586913,115.46023532867432
2024-08-28 00:00:00-04:00,122.60223388671875,124.82433454330118,121.24964671214283,124.30262940250012,2501000,0.0,0.0,-1.5821360686504415,116.17146102905274,115.58534812927246
2024-08-29 00:00:00-04:00,121.08541107177734,122.68918749451886,120.4187771610013,122.60223909103021,2419900,0.0,0.0,-1.2371901937308194,116.46671127319335,115.69687728881836
2024-08-30 00:00:00-04:00,123.49107360839844,123.63599497843373,120.87285504152064,121.74237589072528,3618000,0.0,0.0,1.986748457413312,116.82727172851563,115.83021347045899
2024-09-03 00:00:00-04:00,124.02244567871094,124.66009677667184,122.09018771675639,122.25442850101639,3526200,0.0,0.0,0.43029188651928507,117.19382232666015,115.93384685516358
2024-09-04 00:00:00-04:00,123.92582702636719,126.06097171857455,122.9113848946518,124.25430855716634,3091500,0.0,0.0,-0.077904166310383,117.51535125732421,116.0314228439331
2024-09-05 00:00:00-04:00,123.094970703125,124.89197811273321,122.53461196872942,124.69875452135906,2402700,0.0,0.0,-0.670446462354779,117.85504379272462,116.12597831726075
2024-09-06 00:00:00-04:00,122.92105865478516,123.87752790158011,121.78102184822893,123.18191122354484,2484100,0.0,0.0,-0.14128282199219466,118.18005065917968,116.22060901641845
2024-09-09 00:00:00-04:00,125.83878326416016,126.66965796982677,122.74716159494079,123.23022794144428,3599400,0.0,0.0,2.373657240920135,118.5452490234375,116.32543498992919
2024-09-10 00:00:00-04:00,127.91596984863281,128.08022538865146,126.03201393975797,126.73728671753865,3029800,0.0,0.0,1.6506728137320348,118.93344146728515,116.44248931884766
2024-09-11 00:00:00-04:00,126.26388549804688,126.91119264095967,124.04177732950117,126.28321227989932,3890300,0.0,0.0,-1.2915387754483643,119.29554824829101,116.54688983917237
2024-09-12 00:00:00-04:00,125.8774185180664,127.2010302945454,124.01278954957311,126.65999836051657,5557000,0.0,0.0,-0.3060787955764699,119.62557922363281,116.64718494415283
2024-09-13 00:00:00-04:00,125.57791900634766,127.90630225479588,125.27842024050024,126.7469460113159,3689400,0.0,0.0,-0.237929499384959,119.94788101196289,116.7465966796875
2024-09-16 00:00:00-04:00,125.83098602294922,126.68751358448134,124.8187383288976,126.36631574890679,3864300,0.96,0.0,0.2015219065612639,120.25282974243164,116.84613998413086
2024-09-17 00:00:00-04:00,125.43191528320312,126.58044217767487,124.54619673266122,125.782311556738,3171100,0.0,0.0,-0.31714822585376945,120.55076309204101,116.93929454803467
2024-09-18 00:00:00-04:00,123.63127899169922,125.86992857224111,123.30035328537889,125.38326787999156,3498600,0.0,0.0,-1.435548749645088,120.81191116333008,117.01451755523682
2024-09-19 00:00:00-04:00,125.07179260253906,126.05484181256777,123.90380996102758,125.38326256118484,2604400,0.0,0.0,1.1651692214043718,121.06148498535157,117.08121208190919
2024-09-20 00:00:00-04:00,122.12262725830078,124.51699681537418,121.89876008723452,124.28340177771766,8581000,0.0,0.0,-2.3579779923762034,121.17729690551758,117.12338203430176
2024-09-23 00:00:00-04:00,123.25167846679688,123.7772728808847,122.5995549519639,123.22248001476741,3386200,0.0,0.0,0.9245225343113894,121.32071380615234,117.17913360595703
2024-09-24 00:00:00-04:00,123.30035400390625,124.11794040724057,122.41462797444117,123.03756049593532,3979500,0.0,0.0,0.039492798568652177,121.44597473144532,117.23323894500733
2024-09-25 00:00:00-04:00,122.04476165771484,123.82594148378867,121.45103504902357,123.349016108658,3421700,0.0,0.0,-1.0183201470383652,121.53936080932617,117.28153873443604
2024-09-26 00:00:00-04:00,121.88903045654297,123.04727776147202,121.52889889990155,122.53141865726423,3235800,0.0,0.0,-0.12760170863264086,121.59639739990234,117.32480827331543
2024-09-27 00:00:00-04:00,122.23942565917969,123.92327487413674,121.93769841478756,122.62875568714371,3775200,0.0,0.0,0.2874706618998468,121.67184204101562,117.35967308044434
2024-09-30 00:00:00-04:00,122.91102600097656,123.057025697094,121.23691199398297,121.45104389150816,3608400,0.0,0.0,0.5494138557795569,121.73888427734374,117.39756523132324
2024-10-01 00:00:00-04:00,121.28556823730469,123.33927678199665,120.18571783752861,123.26140929550306,3401500,0.0,0.0,-1.322467004432104,121.71718841552735,117.39345874786378
2024-10-02 00:00:00-04:00,120.8670425415039,120.93517473727955,118.69653271747586,119.2902593203146,3848800,0.0,0.0,-0.34507460523407474,121.70605819702149,117.35003425598144
2024-10-03 00:00:00-04:00,118.78413391113281,120.44851246500146,118.25853951109234,120.42904930611951,3400500,0.0,0.0,-1.7233056973788852,121.70350860595703,117.30565608978272
2024-10-04 00:00:00-04:00,119.15399169921875,119.50438796109702,117.1489521985781,118.34613323845204,2774000,0.0,0.0,0.31136968878575644,121.75956130981446,117.2706388092041
2024-10-07 00:00:00-04:00,116.79855346679688,118.48240254665143,116.12695940809014,118.12227100015541,3186500,0.0,0.0,-1.9768017829966844,121.725029296875,117.21875728607178
2024-10-08 00:00:00-04:00,116.15615844726562,117.4604128290342,115.06604336192696,117.0808181224106,3035400,0.0,0.0,-0.5500025475177361,121.65310958862305,117.17925762176513
2024-10-09 00:00:00-04:00,115.66950988769531,116.28270711310235,114.75459283491091,115.03685692780651,3661700,0.0,0.0,-0.4189606182536165,121.53010665893555,117.13499507904052
2024-10-10 00:00:00-04:00,115.12445068359375,115.96150765752067,114.33606274860436,114.91031879363298,2767100,0.0,0.0,-0.471221158134727,121.39697525024414,117.0811612701416
2024-10-11 00:00:00-04:00,117.03215026855469,117.20734839844475,114.99791232924709,115.61110207093623,2712000,0.0,0.0,1.6570759500985854,121.26972900390625,117.03182655334473
2024-10-14 00:00:00-04:00,117.24628448486328,117.74268043378267,116.31189691539004,116.83749131556604,1979000,0.0,0.0,0.18297041951054194,121.21903198242188,116.98013946533203
2024-10-15 00:00:00-04:00,118.15147399902344,119.76719094859222,117.51881365821816,117.51881365821816,5453600,0.0,0.0,0.772041108285193,121.28382522583007,116.92817657470704
2024-10-16 00:00:00-04:00,123.58261108398438,124.24446988876973,118.52133568684566,119.757457940682,5565200,0.0,0.0,4.596757789924677,121.41647033691406,116.91235481262207
2024-10-17 00:00:00-04:00,119.42652130126953,123.53393840159983,119.42652130126953,122.67741832544439,5446800,0.0,0.0,-3.3630053178682617,121.48338409423827,116.86947704315186
2024-10-18 00:00:00-04:00,119.23186492919922,120.0591865884354,118.36560952500629,119.72826089508195,3690900,0.0,0.0,-0.16299258317946652,121.51085098266601,116.84511817932129
2024-10-21 00:00:00-04:00,114.6280517578125,118.2196099041706,114.43339045877221,117.49935418669844,3866200,0.0,0.0,-3.8612271762422767,121.44798049926757,116.79883380889892
2024-10-22 00:00:00-04:00,115.76683807373047,116.40922627181584,114.21925334160498,114.21925334160498,3374600,0.0,0.0,0.9934621573469693,121.44479217529297,116.75695972442627
2024-10-23 00:00:00-04:00,117.6064224243164,117.87895121863293,115.72791189108867,115.75711034392934,4133100,0.0,0.0,1.589042580064537,121.42641754150391,116.711875
2024-10-24 00:00:00-04:00,117.17815399169922,117.90814498712513,116.60389797303999,116.84722830484863,4332900,0.0,0.0,-0.3641539499195212,121.38517883300781,116.66512435913086
2024-10-25 00:00:00-04:00,114.4041976928711,117.11976527681787,114.3068670385132,116.60390612545343,3247300,0.0,0.0,-2.3672981731941545,121.26237548828125,116.60222202301026
2024-10-28 00:00:00-04:00,114.66698455810547,115.63057803021825,113.9759272985974,115.28018175415042,3648500,0.0,0.0,0.22970036985867637,121.18192733764648,116.55123542785644
2024-10-29 00:00:00-04:00,112.23368835449219,114.98818970107176,112.23368835449219,114.63779340270142,3595700,0.0,0.0,-2.1220547596943695,121.01706619262696,116.48698890686035
2024-10-30 00:00:00-04:00,112.77874755859375,114.13166364175476,112.24341784546418,112.80794601097307,3780200,0.0,0.0,0.48564670028483636,120.87373382568359,116.43297931671142
2024-10-31 00:00:00-04:00,109.92691802978516,112.59381650739626,109.84905053789144,112.0974205288898,5021300,0.0,0.0,-2.528694094006445,120.66718154907227,116.37949611663818
2024-11-01 00:00:00-04:00,110.37464141845703,112.29208564599885,110.35517083318364,111.7470206461313,3941700,0.0,0.0,0.4072918596249142,120.44040649414063,116.33110404968262
2024-11-04 00:00:00-05:00,110.8223648071289,112.01954585840102,110.10210911790043,110.99756293973607,2439800,0.0,0.0,0.4056397220575825,120.1669367980957,116.27458641052246
2024-11-05 00:00:00-05:00,111.37715911865234,111.37715911865234,109.41105331655548,109.96584617278822,2370200,0.0,0.0,0.5006158391304583,119.90379013061523,116.21941654205322
2024-11-06 00:00:00-05:00,110.70555877685547,112.62300286007272,108.42799057756422,112.62300286007272,5768000,0.0,0.0,-0.6029964735241644,119.62643829345703,116.16435924530029
2024-11-07 00:00:00-05:00,111.16302490234375,111.63022239422493,110.3551664402639,111.11436329280235,3035800,0.0,0.0,0.4132277823649,119.39765411376953,116.12380752563476
2024-11-08 00:00:00-05:00,112.73981475830078,112.90527760707202,110.90023798446066,111.44529556904953,3250900,0.0,0.0,1.4184481371771085,119.2307421875,116.08752658843994
2024-11-11 00:00:00-05:00,111.05596923828125,113.37247890162303,110.76397727646577,112.63275256515527,3547000,0.0,0.0,-1.493567754771885,118.98204010009766,116.03964111328125
2024-11-12 00:00:00-05:00,109.74198150634766,112.04875576431128,109.4694527182377,110.77369975443608,2708100,0.0,0.0,-1.1831761416752906,118.69643081665039,115.98033641815185
2024-11-13 00:00:00-05:00,113.46006774902344,114.01486061306211,110.82236782169204,110.88076472553216,4772300,0.0,0.0,3.388025431690167,118.48711563110352,115.94608787536622
2024-11-14 00:00:00-05:00,111.68862915039062,113.58660288456592,111.22143161728825,113.29461092399819,4757000,0.0,0.0,-1.561288155187146,118.25898880004883,115.90222145080567
2024-11-15 00:00:00-05:00,110.39410400390625,111.91249033567895,109.66411300285192,111.30902843483382,3889000,0.0,0.0,-1.1590482901722043,118.00844970703125,115.83405414581298
2024-11-18 00:00:00-05:00,111.59129333496094,111.63022707973958,109.41105560832499,109.83931194918493,2411400,0.0,0.0,1.0844685428239131,117.72349990844727,115.77753025054932
2024-11-19 00:00:00-05:00,112.05847930908203,112.36021396358244,109.87824166244077,110.78343077423749,2950800,0.0,0.0,0.41865808716703423,117.40635009765624,115.73446712493896
2024-11-20 00:00:00-05:00,111.48422241210938,111.65942054285902,110.56929801532203,111.3674211829922,2821800,0.0,0.0,-0.5124617971913881,117.1107568359375,115.67146514892578
2024-11-21 00:00:00-05:00,110.92943572998047,111.92222024213223,110.56930415625692,111.45503015142056,2626500,0.0,0.0,-0.497636948193525,116.81179718017579,115.61239269256592
2024-11-22 00:00:00-05:00,112.71061706542969,112.84688146249543,110.91970189193998,111.27009817749551,2432900,0.0,0.0,1.6056886287467487,116.55445114135742,115.55000789642334
2024-11-25 00:00:00-05:00,114.92005157470703,116.27296765804816,113.21673921106218,113.41140051085199,9970700,0.0,0.0,1.9602718597439228,116.33623245239258,115.49477184295654
2024-11-26 00:00:00-05:00,113.07073974609375,114.92005180115122,112.43807938175138,114.46258957730592,3367200,0.0,0.0,-1.6092159751695534,116.08900894165039,115.43233337402344
2024-11-27 00:00:00-05:00,114.6572494506836,115.5527032437076,113.8007219740067,114.00511855116314,2655000,0.0,0.0,1.4031125188996185,115.90952835083007,115.3833899307251
2024-11-29 00:00:00-05:00,113.66445922851562,115.4553742662444,113.54766542608584,114.7740449067114,3124300,0.0,0.0,-0.8658765380509026,115.68138168334961,115.33128913879395
2024-12-02 00:00:00-05:00,112.7495346069336,113.5281946088445,111.75675015905672,113.00260022143246,3386500,0.0,0.0,-0.8049346539736102,115.49391983032227,115.26225284576417
2024-12-03 00:00:00-05:00,113.29460144042969,113.97592338390908,112.50620613342954,112.85660239746244,4520300,0.0,0.0,0.483431559514913,115.29477828979492,115.19456317901611
2024-12-04 00:00:00-05:00,111.98062133789062,113.27513305564082,111.31876254029214,113.27513305564082,3761300,0.0,0.0,-1.1597905688647936,115.0683836364746,115.1204937362671
2024-12-05 00:00:00-05:00,110.75424194335938,111.33823329263254,109.87825120652317,110.99757229104426,2510200,0.0,0.0,-1.095171092890057,114.8425732421875,115.03995964050293
2024-12-06 00:00:00-05:00,109.0119857788086,111.38689213097678,108.73945700249793,110.00477023906205,3650800,0.0,0.0,-1.5730830115218364,114.58503234863281,114.95061912536622
2024-12-09 00:00:00-05:00,112.34075164794922,112.36995010114794,109.4986550068646,109.985315695784,4717100,0.0,0.0,3.053577866102608,114.3870588684082,114.87901588439941
2024-12-10 00:00:00-05:00,110.13130950927734,112.18501810096697,109.55704606556081,112.02928312441591,2908100,0.0,0.0,-1.9667325580976835,114.13146453857422,114.79945575714112
2024-12-11 00:00:00-05:00,108.97306060791016,111.0365046029205,108.32093706674631,110.02424947852974,2804200,0.0,0.0,-1.051698110671806,113.88521438598633,114.71443714141846
2024-12-12 00:00:00-05:00,108.67133331298828,110.30651352467295,108.33067231593998,108.64213485979168,2868200,0.0,0.0,-0.27688246364622193,113.64130020141602,114.62077869415283
2024-12-13 00:00:00-05:00,108.16519927978516,108.73946273946773,107.67853860331124,108.14573612010135,4741200,0.0,0.0,-0.4657475138778233,113.42892150878906,114.52801242828369
2024-12-16 00:00:00-05:00,106.88886260986328,109.29427622783497,106.54522567253005,108.29284077001627,5586800,0.96,0.0,-1.1799882757303926,113.18361892700196,114.42254138946534
2024-12-17 00:00:00-05:00,106.88886260986328,107.8117520539738,105.9659656751926,106.49614003188256,4687400,0.0,0.0,0.0,112.98542510986329,114.32177715301513
2024-12-18 00:00:00-05:00,102.01911926269531,107.1343102859362,101.9503858847045,106.51576980849836,5422600,0.0,0.0,-4.555894064419208,112.70268432617188,114.20222648620606
2024-12-19 00:00:00-05:00,99.55480194091797,103.01074438036396,99.52534905643643,102.72602067944132,7786700,0.0,0.0,-2.4155445955496013,112.38039016723633,114.06731155395508
2024-12-20 00:00:00-05:00,101.43985748291016,102.90274144919992,98.98535066471105,98.98535066471105,11067200,0.0,0.0,1.8934853018048203,112.10669830322266,113.94343837738037
2024-12-23 00:00:00-05:00,102.24493408203125,102.51983764358344,100.69368399548925,101.08640657937536,4626200,0.0,0.0,0.7936491819862113,111.81095397949218,113.81251323699951
2024-12-24 00:00:00-05:00,102.79473876953125,102.89292503109657,101.55767277185723,101.85220908487291,1883700,0.0,0.0,0.5377329375154005,111.52192306518555,113.68885360717773
2024-12-26 00:00:00-05:00,104.94489288330078,105.51434026266008,101.68530812948461,102.09766347706464,4799000,0.0,0.0,2.091696656372899,111.2577914428711,113.57380535125732
2024-12-27 00:00:00-05:00,103.32492065429688,105.27871354537008,102.9027451666926,104.22818488885159,3655100,0.0,0.0,-1.5436408428234127,110.85263763427734,113.45655254364014
2024-12-30 00:00:00-05:00,103.18746185302734,103.5507315471544,101.74421069139619,102.95183130334065,4038500,0.0,0.0,-0.13303547721023046,110.5278564453125,113.35087825775146
2024-12-31 00:00:00-05:00,103.77654266357422,104.47362917407943,102.88310609934274,104.15944511832488,4602700,0.0,0.0,0.570884097707447,110.21875,113.25183715820313
2025-01-02 00:00:00-05:00,102.36274719238281,104.6307089347621,101.89147862082564,104.45398415674813,4180100,0.0,0.0,-1.3623458971597113,109.97344390869141,113.14994171142578
2025-01-03 00:00:00-05:00,103.70781707763672,104.00236088548886,101.75403179119414,102.60820284151717,3558800,0.0,0.0,1.3140228473215387,109.73226348876953,113.05616054534912
2025-01-06 00:00:00-05:00,104.71907806396484,106.85940072809304,103.82563402440891,104.56198603876642,4450200,0.0,0.0,0.9751058452720951,109.4745166015625,112.96336475372314
2025-01-07 00:00:00-05:00,104.64053344726562,106.31941516352975,104.13981197346611,105.57324301500343,4958800,0.0,0.0,-0.07500506894383419,109.22376419067383,112.86447677612304
2025-01-08 00:00:00-05:00,103.58018493652344,104.68961929184852,103.00092493850843,104.47362898973863,3571500,0.0,0.0,-1.0133248329401545,109.00728393554688,112.76636966705323
2025-01-10 00:00:00-05:00,101.7049331665039,103.08927850185465,101.61657452325673,102.10747584945604,4230700,0.0,0.0,-1.8104348540879056,108.74804290771485,112.66602237701416
2025-01-13 00:00:00-05:00,103.45255279541016,103.54091144259948,101.3514956247826,101.70493770410002,5774700,0.0,0.0,1.718323363966201,108.5724201965332,112.5839440536499
2025-01-14 00:00:00-05:00,106.15251159667969,106.60413994396521,103.45255414685343,103.65873181688202,4444400,0.0,0.0,2.609852273639901,108.43989547729493,112.49754909515381
2025-01-15 00:00:00-05:00,105.88742065429688,109.9619033942494,105.77942175707557,109.46118191536516,4571000,0.0,0.0,-0.2497264910603425,108.35910552978515,112.40331512451172
2025-01-16 00:00:00-05:00,108.91136932373047,109.0390009728707,105.80886932407729,106.25068501521162,5499800,0.0,0.0,2.8558148368787117,108.32984008789063,112.33521644592285
2025-01-17 00:00:00-05:00,107.48776245117188,109.57899949699664,107.42884919583251,109.1764567961781,5270800,0.0,0.0,-1.307124206956789,108.26314804077148,112.27120685577393
2025-01-21 00:00:00-05:00,115.13599395751953,115.74471429970038,108.16519661109412,108.25356274505964,8040000,0.0,0.0,7.115443964909018,108.33832473754883,112.24299587249756
2025-01-22 00:00:00-05:00,113.03494262695312,115.34218497404692,112.43604237820455,114.14438447654976,5429500,0.0,0.0,-1.8248431774876672,108.38491241455078,112.21098468780518
2025-01-23 00:00:00-05:00,116.38288879394531,116.42216179940776,112.41640512895601,113.19203013307974,4788700,0.0,0.0,2.961868329549522,108.48930969238282,112.19547382354736
2025-01-24 00:00:00-05:00,116.76579284667969,117.88504730085829,115.07709104127058,116.37307027719106,4165800,0.0,0.0,0.32900373646189696,108.56982925415039,112.17502864837647
2025-01-27 00:00:00-05:00,119.04357147216797,119.86828210380543,115.84289273151829,115.84289273151829,5253400,0.0,0.0,1.950724240342483,108.72958129882812,112.16554134368897
2025-01-28 00:00:00-05:00,118.02249908447266,119.34793120234526,117.62977651495781,118.89630286909919,3494600,0.0,0.0,-0.8577299681688744,108.89519165039063,112.17796070098876
2025-01-29 00:00:00-05:00,117.00142669677734,118.80794757122504,116.30434767426249,118.30722609372049,2758100,0.0,0.0,-0.8651506243436691,108.9660188293457,112.1870467376709
2025-01-30 00:00:00-05:00,118.45449829101562,120.02538112666774,117.2076046563766,118.58212994653229,2844000,0.0,0.0,1.2419263894995813,109.1013362121582,112.20938488006591
2025-01-31 00:00:00-05:00,117.07997131347656,118.4937695904676,116.29452616169041,117.5905054187455,3753700,0.0,0.0,-1.1603839426698404,109.2350535583496,112.24022422790527
2025-02-03 00:00:00-05:00,115.69562530517578,116.35343879979567,112.37713491212891,113.91856483462135,3704000,0.0,0.0,-1.1823935321902845,109.3171401977539,112.26917064666748
2025-02-04 00:00:00-05:00,116.15707397460938,116.64797532010675,114.0658369393922,114.14438295240619,2273400,0.0,0.0,0.3988471199463328,109.39911209106445,112.33993659973144
2025-02-05 00:00:00-05:00,116.6185302734375,117.2665236885014,115.35200381808946,117.2665236885014,2797800,0.0,0.0,0.39726921748131083,109.50179824829101,112.42163066864013
2025-02-06 00:00:00-05:00,116.38288879394531,117.06033502969285,114.71381976931048,117.06033502969285,3476400,0.0,0.0,-0.20206178121064955,109.61086730957031,112.50789379119873
2025-02-07 00:00:00-05:00,115.21454620361328,117.06034008729694,114.87091675417011,116.61852437467554,2873000,0.0,0.0,-1.0038783213231373,109.66094589233398,112.58548946380616
2025-02-10 00:00:00-05:00,117.29596710205078,117.41377862941513,115.48944628001097,115.90180909746613,2768800,0.0,0.0,1.806560861472395,109.70846420288086,112.66990020751953
2025-02-11 00:00:00-05:00,119.55411529541016,119.94683788604505,116.83452502553627,116.83452502553627,3673500,0.0,0.0,1.9251712135974097,109.83813171386718,112.77350414276123
2025-02-12 00:00:00-05:00,117.59049987792969,118.45449100229557,116.46143282495842,116.46143282495842,3374700,0.0,0.0,-1.6424490387708546,109.8967967224121,112.86647579193115
2025-02-13 00:00:00-05:00,118.69994354248047,119.24975063718738,116.6479720802038,117.72796100274935,2443800,0.0,0.0,0.9434806941908569,109.99750640869141,112.96159423828125
2025-02-14 00:00:00-05:00,118.6508560180664,120.3788308852079,118.4544984722695,119.48538682354354,2101300,0.0,0.0,-0.0413542946602119,110.11553283691406,113.05191734313965
2025-02-18 00:00:00-05:00,119.10248565673828,119.60320714167571,118.06177716972664,118.56249865466407,2151200,0.0,0.0,0.3806374887030728,110.23169052124024,113.15867511749268
2025-02-19 00:00:00-05:00,119.41666412353516,119.93702586586221,117.86542149295555,118.53304765328414,5276400,0.0,0.0,0.2637883374679184,110.38041137695312,113.26781799316406
2025-02-20 00:00:00-05:00,118.69994354248047,119.41665529228628,117.9930444261088,119.41665529228628,2484700,0.0,0.0,-0.6001847282496975,110.53932540893555,113.36068546295166
2025-02-21 00:00:00-05:00,118.76866912841797,119.23993021109857,117.45304966726829,119.09266580436079,3152000,0.0,0.0,0.05789858350935262,110.73445907592773,113.4473829650879
2025-02-24 00:00:00-05:00,118.53304290771484,119.85847505058702,117.79669088494583,118.9159453603099,2708500,0.0,0.0,-0.1983908908235299,110.85830490112305,113.53874538421631
2025-02-25 00:00:00-05:00,120.37882995605469,120.83045830034979,118.74903387439133,119.08285068834174,3732700,0.0,0.0,1.5571919888843988,111.0632553100586,113.62453758239747
2025-02-26 00:00:00-05:00,119.93702697753906,121.18391316839208,119.55411701550462,120.71264455473772,2324900,0.0,0.0,-0.3670105272471136,111.28253463745118,113.71712482452392
2025-02-27 00:00:00-05:00,120.5359115600586,121.7435321506249,119.28902545403972,120.02537746301527,2293300,0.0,0.0,0.49933252275102813,111.51982620239258,113.80183456420899
2025-02-28 00:00:00-05:00,121.66499328613281,121.9889899868505,119.69157517934784,120.60464453318062,5562200,0.0,0.0,0.9367181211481945,111.78982208251954,113.89535076141357
2025-03-03 00:00:00-05:00,121.29190826416016,122.71551920414842,120.5064630962327,121.90062864383196,3184000,0.0,0.0,-0.3066494411381182,112.07788299560546,113.98609149932861
2025-03-04 00:00:00-05:00,119.56392669677734,121.88098157285602,119.3675691610662,120.85008578397293,3242400,0.0,0.0,-1.4246470289011048,112.33138427734374,114.06531875610352
2025-03-05 00:00:00-05:00,121.78280639648438,122.4013393937194,118.3268567377945,118.6606735470198,4300600,0.0,0.0,1.8558103275867488,112.72665802001953,114.1474505996704
2025-03-06 00:00:00-05:00,118.1108627319336,121.23299548342261,117.55123551659875,120.61445501503792,4080200,0.0,0.0,-3.015157700173332,113.09777923583984,114.20739120483398
2025-03-07 00:00:00-05:00,117.72796630859375,119.23012325330386,115.90181267251786,118.55267698782274,4004300,0.0,0.0,-0.32418391880589814,113.42354141235352,114.2620168685913
2025-03-10 00:00:00-04:00,115.72508239746094,117.95377114302421,115.14581493213561,117.27632490966946,4238600,0.0,0.0,-1.7012813301155338,113.69314437866211,114.30399402618409
2025-03-11 00:00:00-04:00,115.04763793945312,116.93269728072262,113.42766202500967,116.66761385389658,5521700,0.0,0.0,-0.5853912081748236,113.93820236206055,114.34952850341797
2025-03-12 00:00:00-04:00,113.62403106689453,115.86254005001717,113.5553051767306,115.49927035025911,3608400,0.0,0.0,-1.2374064327229428,114.11178512573242,114.39455425262452
2025-03-13 00:00:00-04:00,108.35174560546875,114.32110776599623,108.11611505692585,113.61420862980744,4802800,0.0,0.0,-4.640114781988148,114.21232162475586,114.4303645324707
2025-03-14 00:00:00-04:00,109.8539047241211,110.24662730659587,108.4891995552054,109.72627306830488,4732700,0.0,0.0,1.3863727900813139,114.34565048217773,114.4779481124878
2025-03-17 00:00:00-04:00,112.35750579833984,112.8974928006023,109.46118327679277,109.47100340136055,3436100,0.0,0.0,2.2790278420290244,114.51726974487305,114.53685237884521
2025-03-18 00:00:00-04:00,111.31742858886719,112.92211398185361,110.58442750887674,112.78343830610562,3464200,1.01,0.0,-0.9256855624219629,114.69636337280274,114.59055625915528
2025-03-19 00:00:00-04:00,111.90185546875,112.66457169547205,110.64385924846161,111.19856951606256,4121100,0.0,0.0,0.5250093244978826,114.860244140625,114.63487358093262
2025-03-20 00:00:00-04:00,111.01036071777344,112.84286717354884,110.64385640371538,111.55516340660873,3344200,0.0,0.0,-0.7966755754336252,114.98606979370118,114.66074851989747
2025-03-21 00:00:00-04:00,107.3948745727539,110.60424544002859,106.90950969534038,110.2179259823641,7526600,0.0,0.0,-3.2568907277144565,115.04115661621094,114.68334510803223
2025-03-24 00:00:00-04:00,109.21747589111328,109.38586669973469,107.09771054359271,108.2467386252382,5379400,0.0,0.0,1.6971027021635665,115.15390243530274,114.708493309021
2025-03-25 00:00:00-04:00,108.19721984863281,109.39577823859757,107.39487336222909,109.0292739148202,3467100,0.0,0.0,-0.9341509077701371,115.28374816894531,114.72868392944336
2025-03-26 00:00:00-04:00,110.0792465209961,110.52499623809801,108.44485356339474,108.56371410881596,3246100,0.0,0.0,1.7394408793462768,115.41628204345703,114.75220211029053
2025-03-27 00:00:00-04:00,109.70284271240234,111.26790539734591,109.54435190808817,110.17830756808732,2825100,0.0,0.0,-0.34193893989087343,115.48728866577149,114.77292839050293
2025-03-28 00:00:00-04:00,109.40567779541016,110.56462103605067,108.89059778854806,109.95048049644876,3660200,0.0,0.0,-0.27088169243821847,115.55765380859376,114.78752311706543
2025-03-31 00:00:00-04:00,110.7330093383789,111.14903636032219,109.05898612884758,109.26699963981922,5071200,0.0,0.0,1.21321998064019,115.59408660888671,114.8067908859253
2025-04-01 00:00:00-04:00,110.3962173461914,111.67402107294681,109.04907578421317,111.47591513152652,3359900,0.0,0.0,-0.30414778230972717,115.65225570678712,114.81848377227783
2025-04-02 00:00:00-04:00,111.2778091430664,111.48583022003162,109.11842854117255,110.39622479691008,3230800,0.0,0.0,0.7985706558318206,115.57509201049805,114.83664402008057
2025-04-03 00:00:00-04:00,100.62944793701172,108.34579324478248,100.22332847726456,107.08780460731303,7613200,0.0,0.0,-9.569168631244729,115.32698211669921,114.80199352264404
2025-04-04 00:00:00-04:00,97.30122375488281,99.37145885994582,94.43854219117264,98.41062914811947,12661100,0.0,0.0,-3.3074057846488314,114.94534881591797,114.75094341278076
2025-04-07 00:00:00-04:00,93.62629699707031,98.23233211515031,90.80324565284629,95.7361623890095,12717900,0.0,0.0,-3.7768556406548637,114.48255889892579,114.68746040344239
2025-04-08 00:00:00-04:00,88.91130828857422,96.66726875863922,87.48492127924847,96.14228119472281,8177500,0.0,0.0,-5.035966239958878,113.8799136352539,114.60470169067383
2025-04-09 00:00:00-04:00,97.29131317138672,97.87573098615243,84.54299865120333,87.11841366491771,17532000,0.0,0.0,9.425128303830622,113.46528991699219,114.56268367767333
2025-04-10 00:00:00-04:00,93.9927978515625,96.5484053141276,91.96217793715266,95.60738319590418,17204000,0.0,0.0,-3.3903492637761046,113.00511734008789,114.49340076446533
2025-04-11 00:00:00-04:00,95.32013702392578,95.49843540442217,91.64520887273576,93.1409337559412,6480100,0.0,0.0,1.4121711478995103,112.5424301147461,114.43944972991943
2025-04-14 00:00:00-04:00,97.37055969238281,98.44034236395412,95.95408028493121,96.71679647790178,6844900,0.0,0.0,2.1510907689341385,112.14824188232421,114.3929489517212
2025-04-15 00:00:00-04:00,97.54885864257812,98.5592110487388,97.17244676876236,97.92526295913655,6702200,0.0,0.0,0.18311381875446564,111.78530654907226,114.34279891967773
2025-04-16 00:00:00-04:00,99.34174346923828,100.94642883967681,97.05358729429045,98.75731808057722,7334600,0.0,0.0,1.8379352168838237,111.44899993896485,114.29697589874267
2025-04-17 00:00:00-04:00,101.13462829589844,102.69969098227112,100.0450304656449,100.12427586787435,6213100,0.0,0.0,1.8047648088794999,111.13932189941406,114.2618563079834
2025-04-21 00:00:00-04:00,97.69743347167969,100.04502743000631,96.18190109700016,99.55966258127893,4801500,0.0,0.0,-3.398632972835225,110.76561279296875,114.20346412658691
2025-04-22 00:00:00-04:00,99.00495910644531,100.14408724569827,97.83611582954138,99.27241045981957,4794400,0.0,0.0,1.33834184614956,110.44142105102539,114.15117477416992
2025-04-23 00:00:00-04:00,100.52049255371094,103.98739945457625,100.01531257498137,101.26340117532493,6911200,0.0,0.0,1.5307651868591732,110.10591156005859,114.10085948944092
2025-04-24 00:00:00-04:00,102.3827133178711,102.73931005806298,100.01531179992107,100.99594905682012,4602300,0.0,0.0,1.852578232408808,109.76248352050781,114.0600968170166
2025-04-25 00:00:00-04:00,101.27330017089844,102.52138875877644,101.02566396616709,102.39262065292874,2828200,0.0,0.0,-1.0835942035724577,109.43613952636719,114.01359394073486
2025-04-28 00:00:00-04:00,102.34309387207031,103.11571764796527,100.91670686595195,101.34264145487577,3149600,0.0,0.0,1.0563432803775585,109.10900253295898,113.96234390258789
2025-04-29 00:00:00-04:00,102.12517547607422,102.68978575460729,101.08510788785945,101.60018789955757,2520500,0.0,0.0,-0.21292926347183938,108.77848892211914,113.89130962371826
2025-04-30 00:00:00-04:00,101.23368072509766,102.09545746587433,99.27240615265066,101.4714169305062,7712300,0.0,0.0,-0.8729431766659967,108.42111282348633,113.81707386016846
2025-05-01 00:00:00-04:00,102.10536193847656,103.48221863476309,100.99594901860414,102.30346787972721,3956100,0.0,0.0,0.8610585006248783,108.07488677978516,113.74241413116455
2025-05-02 00:00:00-04:00,104.41333770751953,104.9185101467686,103.42279284384402,104.17560149901196,4193700,0.0,0.0,2.2603864529990414,107.78915466308594,113.67760353088379
2025-05-05 00:00:00-04:00,104.33409118652344,105.01756199619956,103.39306904176219,103.61099011859653,3246600,0.0,0.0,-0.07589693303174938,107.50046310424804,113.60408798217773
2025-05-06 00:00:00-04:00,103.5119400024414,104.51239244768377,102.62044809862434,103.72986108529199,6505100,0.0,0.0,-0.7879986059515565,107.20004104614257,113.52931171417237
2025-05-07 00:00:00-04:00,104.04682922363281,105.01755891912421,103.21476764166863,103.5119341117824,4741200,0.0,0.0,0.5167415673774434,106.87340103149414,113.45175128936768
2025-05-08 00:00:00-04:00,104.4925765991211,105.42369119861942,102.47186415012379,104.17560254186216,3514500,0.0,0.0,0.4284103406267281,106.56451202392579,113.36236236572266
2025-05-09 00:00:00-04:00,105.89915466308594,106.26565142482454,104.24493900254227,104.6906887241199,5506200,0.0,0.0,1.34610334029861,106.27177688598633,113.2847403717041
2025-05-12 00:00:00-04:00,109.28681945800781,111.88204223151399,108.95993783077363,109.90095245277266,10025000,0.0,0.0,3.198953575880381,106.02421340942382,113.23661640167236
2025-05-13 00:00:00-04:00,108.66276550292969,109.4651119591475,107.4741147224507,109.1580379210055,4533900,0.0,0.0,-0.5710239882293466,105.77163055419922,113.19817344665528
2025-05-14 00:00:00-04:00,106.58262634277344,108.13778148408102,105.67132687746427,107.82080742844055,7699900,0.0,0.0,-1.9143072151059592,105.51200454711915,113.1384608078003
2025-05-15 00:00:00-04:00,108.19721984863281,108.4745712040286,105.61189712443142,106.46376632015145,3163500,0.0,0.0,1.5148749484430901,105.24029281616211,113.08068618774413
2025-05-16 00:00:00-04:00,109.5047378540039,109.58397569969202,107.73166163869637,108.30617191690868,2768400,0.0,0.0,1.2084580428224578,105.06817031860352,113.0191115951538
2025-05-19 00:00:00-04:00,109.60379028320312,109.7721810956809,107.32553408203505,107.78118381081715,2880300,0.0,0.0,0.09045492564101476,104.9056867980957,112.958225440979
2025-05-20 00:00:00-04:00,107.70194244384766,109.66321697068116,107.44439867260684,108.89059321421601,2689400,0.0,0.0,-1.7352026188522496,104.74522399902344,112.879762840271
2025-05-21 00:00:00-04:00,103.68032836914062,107.17695050521277,103.37326188179098,106.8203537521098,2861600,0.0,0.0,-3.734021860194181,104.51787780761718,112.79925880432128
2025-05-22 00:00:00-04:00,104.09635162353516,104.8788829390872,102.81855545468265,103.77937758306851,3492800,0.0,0.0,0.4012557260749894,104.32732421875,112.7451815032959
2025-05-23 00:00:00-04:00,103.05628967285156,103.86853616783253,102.04592966857177,103.34354859339159,3075500,0.0,0.0,-0.9991339124400644,104.22141510009766,112.67571117401123
2025-05-27 00:00:00-04:00,105.61189270019531,105.8694289152699,103.46240467140781,104.39351923173734,4067300,0.0,0.0,2.4798127658742786,104.13657485961915,112.62336647033692
2025-05-28 00:00:00-04:00,106.89959716796875,106.97884256879853,105.4732177393198,105.87933719337195,4580500,0.0,0.0,1.2192797940179911,104.02741668701172,112.56857185363769
2025-05-29 00:00:00-04:00,108.19721984863281,110.32688528067523,107.35525066042146,107.85052309713042,4585600,0.0,0.0,1.2138705056345067,103.96501251220702,112.52070007324218
2025-05-30 00:00:00-04:00,107.57317352294922,108.0585384029286,105.76047456083762,107.68213406540998,7261600,0.0,0.0,-0.5767674313227555,103.87843887329102,112.47893466949463
2025-06-02 00:00:00-04:00,107.72175598144531,107.72175598144531,105.14634079816805,106.84017164052261,3958700,0.0,0.0,0.1381222228833856,103.81266677856445,112.42491767883301
2025-06-03 00:00:00-04:00,107.98919677734375,108.49437676947467,106.72130057198241,107.29581840167974,3423200,0.0,0.0,0.2482699928735954,103.82455322265625,112.36866321563721
2025-06-04 00:00:00-04:00,107.40477752685547,108.0981558933945,107.25619428909499,107.85051968287951,2436300,0.0,0.0,-0.5411830700928877,103.7882992553711,112.30296527862549
2025-06-05 00:00:00-04:00,106.80054473876953,107.96938795655278,106.36470258924639,107.47411553473373,2632800,0.0,0.0,-0.5625753360318231,103.76036575317383,112.24352104187011
2025-06-06 00:00:00-04:00,107.7613754272461,108.97974136394798,107.12742732612728,107.87033596561878,3644400,0.0,0.0,0.8996496139853205,103.71400833129883,112.179944190979
2025-06-09 00:00:00-04:00,107.90005493164062,109.01936793425529,107.4642127626809,108.23683656601295,3032300,0.0,0.0,0.12869129021850778,103.67795257568359,112.1197176361084
2025-06-10 00:00:00-04:00,108.45475769042969,108.95993769943195,107.15714630524074,107.96939281125529,3771600,0.0,0.0,0.5140894127815709,103.65893417358399,112.06071876525878
2025-06-11 00:00:00-04:00,107.47411346435547,109.09860637204717,107.19676212264088,108.96983826546747,3454900,0.0,0.0,-0.9041965949279418,103.59375625610352,111.98952236175538
2025-06-12 00:00:00-04:00,107.41468811035156,108.34579514912302,106.64206432099026,106.87979297373428,3526800,0.0,0.0,-0.05529271383439838,103.53412567138672,111.90411655426026
2025-06-13 00:00:00-04:00,106.2656478881836,106.91941110183645,105.23548036068223,106.3448932881277,3359400,0.0,0.0,-1.0697235567890928,103.43388244628906,111.8127723312378
2025-06-16 00:00:00-04:00,105.80999755859375,107.51373586118986,105.3939705471944,105.98829592880165,4537500,0.0,0.0,-0.4287842201548431,103.5374934387207,111.71895656585693
2025-06-17 00:00:00-04:00,105.08999633789062,106.19000244140625,104.30000305175781,105.44000244140625,3068100,1.01,0.0,-0.6804661537813672,103.69326889038086,111.6313953781128
2025-06-18 00:00:00-04:00,105.08000183105469,106.68000030517578,104.5,105.0,2599300,0.0,0.0,-0.009510426476566636,103.92234298706055,111.55136833190917
2025-06-20 00:00:00-04:00,105.69000244140625,106.2699966430664,105.12000274658203,105.52999877929688,6746300,0.0,0.0,0.5805106582813968,104.25791687011719,111.46236297607422
2025-06-23 00:00:00-04:00,107.12999725341797,107.26000213623047,104.87999725341797,105.58000183105469,3118900,0.0,0.0,1.3624702230563779,104.4546905517578,111.37790073394775
2025-06-24 00:00:00-04:00,108.12999725341797,108.5999984741211,106.37000274658203,107.0,2990100,0.0,0.0,0.933445370706476,104.73743453979492,111.29892158508301
2025-06-25 00:00:00-04:00,104.77999877929688,107.51000213623047,104.70999908447266,107.51000213623047,4926000,0.0,0.0,-3.0981212977097328,104.92663177490235,111.20734672546386
2025-06-26 00:00:00-04:00,104.38999938964844,105.11000061035156,103.5,104.76000213623047,4506500,0.0,0.0,-0.37220785855315297,105.06702056884765,111.11469142913819
2025-06-27 00:00:00-04:00,105.62000274658203,107.61000061035156,105.02999877929688,105.11000061035156,5732900,0.0,0.0,1.178277003664352,105.22844345092773,111.0135975265503
2025-06-30 00:00:00-04:00,105.12000274658203,105.8499984741211,103.44999694824219,105.44000244140625,7418000,0.0,0.0,-0.4733951779945178,105.34400863647461,110.89961769104004
2025-07-01 00:00:00-04:00,106.58000183105469,108.47000122070312,104.25,104.87000274658203,6626300,0.0,0.0,1.3888879816644772,105.45291610717773,110.80119827270508
2025-07-02 00:00:00-04:00,108.30999755859375,108.45999908447266,106.11000061035156,106.73999786376953,3458900,0.0,0.0,1.6231898084233087,105.66516738891602,110.71336116790772
2025-07-03 00:00:00-04:00,108.0199966430664,108.77999877929688,107.62000274658203,108.29000091552734,1549600,0.0,0.0,-0.2677508282376784,105.84546813964843,110.6255715560913
2025-07-07 00:00:00-04:00,106.33000183105469,109.0,105.51000213623047,107.75,3837900,0.0,0.0,-1.5645203337637748,105.96165832519532,110.52806663513184
2025-07-08 00:00:00-04:00,106.8499984741211,108.36000061035156,105.75,105.83999633789062,2939000,0.0,0.0,0.48904037817343315,106.0510040283203,110.43515705108642
2025-07-09 00:00:00-04:00,106.38999938964844,107.48999786376953,105.27999877929688,107.12999725341797,4461200,0.0,0.0,-0.4305092101466568,106.15333801269531,110.34895065307617
2025-07-10 00:00:00-04:00,108.41000366210938,110.0,106.52999877929688,106.91999816894531,4765000,0.0,0.0,1.8986787142114325,106.27467620849609,110.26564170837402
2025-07-11 00:00:00-04:00,109.16999816894531,109.16999816894531,106.45999908447266,106.69999694824219,3209800,0.0,0.0,0.7010372485593441,106.41557266235351,110.20087856292724
2025-07-14 00:00:00-04:00,109.3499984741211,109.52999877929688,108.08999633789062,108.37999725341797,3582000,0.0,0.0,0.16488074397256192,106.57789901733399,110.13137016296386
2025-07-15 00:00:00-04:00,108.62000274658203,110.11000061035156,108.19000244140625,109.68000030517578,5309300,0.0,0.0,-0.6675772635806876,106.70819183349609,110.05796840667725
2025-07-16 00:00:00-04:00,110.16999816894531,114.5,109.0199966430664,112.75,12177900,0.0,0.0,1.426988936816298,106.8233250427246,109.99859458923339
2025-07-17 00:00:00-04:00,106.43000030517578,110.45999908447266,105.75,109.37000274658203,6612800,0.0,0.0,-3.394751680066521,106.86524322509766,109.92129943847657
2025-07-18 00:00:00-04:00,106.77999877929688,107.16999816894531,105.72000122070312,107.16999816894531,4481500,0.0,0.0,0.3288532116109355,106.93060440063476,109.84400230407715
2025-07-21 00:00:00-04:00,107.86000061035156,108.69999694824219,106.68000030517578,107.25,3838200,0.0,0.0,1.0114270869088005,107.00686782836914,109.76874717712403
2025-07-22 00:00:00-04:00,109.19000244140625,109.37000274658203,107.69999694824219,108.22000122070312,5214700,0.0,0.0,1.2330816090567076,107.10081634521484,109.70826934814453
2025-07-23 00:00:00-04:00,110.0,110.41999816894531,108.54000091552734,109.13999938964844,4215000,0.0,0.0,0.7418239220467138,107.18283325195313,109.65393413543701
2025-07-24 00:00:00-04:00,109.72000122070312,110.54000091552734,109.22000122070312,109.79000091552734,6208800,0.0,0.0,-0.25454434481534394,107.19149688720704,109.60861347198487
2025-07-25 00:00:00-04:00,110.29000091552734,110.36000061035156,108.33000183105469,109.94999694824219,2150700,0.0,0.0,0.5195039085696518,107.22404159545898,109.5642935180664
2025-07-28 00:00:00-04:00,107.12000274658203,110.27999877929688,107.06999969482422,110.0,2850600,0.0,0.0,-2.8742389542396163,107.23478912353515,109.51590076446533
2025-07-29 00:00:00-04:00,109.72000122070312,109.83000183105469,106.80000305175781,107.58000183105469,3812700,0.0,0.0,2.427182979328335,107.26524475097656,109.48371997833252
2025-07-30 00:00:00-04:00,108.48999786376953,110.38999938964844,107.58999633789062,109.9000015258789,3796500,0.0,0.0,-1.1210384098150228,107.24494995117188,109.4478224182129
2025-07-31 00:00:00-04:00,106.77999877929688,108.77999877929688,106.58999633789062,107.47000122070312,4136100,0.0,0.0,-1.576181323756587,107.18847412109375,109.4061001586914
2025-08-01 00:00:00-04:00,104.91000366210938,107.2699966430664,104.0999984741211,107.18000030517578,6122800,0.0,0.0,-1.7512597289428555,107.13263534545898,109.34548942565918
2025-08-04 00:00:00-04:00,105.20999908447266,105.88999938964844,104.41000366210938,105.33000183105469,4631700,0.0,0.0,0.28595502039014953,107.16322875976563,109.28530799865723
2025-08-05 00:00:00-04:00,107.04000091552734,107.58000183105469,105.30000305175781,105.69999694824219,3556700,0.0,0.0,1.7393801416017318,107.22210174560547,109.22975063323975
2025-08-06 00:00:00-04:00,105.7300033569336,107.43000030517578,105.62999725341797,106.93000030517578,3706100,0.0,0.0,-1.2238392632559436,107.27557601928712,109.1404875946045
2025-08-07 00:00:00-04:00,106.29000091552734,107.4800033569336,105.30999755859375,106.95999908447266,2214900,0.0,0.0,0.5296486719131632,107.28913818359375,109.07480499267578
2025-08-08 00:00:00-04:00,105.68000030517578,106.7699966430664,105.62000274658203,106.22000122070312,1841700,0.0,0.0,-0.5739021592787052,107.2647462463379,109.00704566955567
2025-08-11 00:00:00-04:00,104.08000183105469,105.86000061035156,103.94000244140625,105.41000366210938,3181500,0.0,0.0,-1.514003093774341,107.18240188598632,108.95430541992188
2025-08-12 00:00:00-04:00,104.80999755859375,104.94000244140625,103.41000366210938,104.30000305175781,2847100,0.0,0.0,0.7013794337974888,107.12713836669921,108.89952121734619
2025-08-13 00:00:00-04:00,106.19000244140625,106.54000091552734,104.54000091552734,105.12000274658203,2679200,0.0,0.0,1.3166729462435134,107.09650329589844,108.84243911743164
2025-08-14 00:00:00-04:00,105.8499984741211,106.31999969482422,104.06999969482422,105.30000305175781,2267900,0.0,0.0,-0.32018453664954816,107.05371932983398,108.78579833984375
2025-08-15 00:00:00-04:00,106.58999633789062,106.80000305175781,105.9800033569336,106.31999969482422,1924200,0.0,0.0,0.6991004954529645,107.03742370605468,108.74672733306885
2025-08-18 00:00:00-04:00,105.44000244140625,106.61000061035156,105.41999816894531,106.56999969482422,2035600,0.0,0.0,-1.0788947706113938,107.01021286010742,108.70059242248536
2025-08-19 00:00:00-04:00,110.76000213623047,110.87000274658203,107.02999877929688,107.47000122070312,3985500,0.0,0.0,5.045523114228478,107.07018539428711,108.69322399139405
2025-08-20 00:00:00-04:00,110.18000030517578,112.12000274658203,109.73999786376953,111.43000030517578,3227300,0.0,0.0,-0.5236563920803405,107.11578430175781,108.68023025512696
2025-08-21 00:00:00-04:00,108.38999938964844,109.61000061035156,107.83999633789062,109.05000305175781,3045700,0.0,0.0,-1.6246150940001924,107.11448913574219,108.67254566192626
2025-08-22 00:00:00-04:00,112.27999877929688,113.1500015258789,109.13999938964844,109.2300033569336,3554100,0.0,0.0,3.58889142130574,107.21060684204102,108.68207244873047
2025-08-25 00:00:00-04:00,111.62000274658203,112.75,111.30000305175781,112.0199966430664,2022800,0.0,0.0,-0.5878126468563338,107.29471313476563,108.68606063842773
2025-08-26 00:00:00-04:00,111.3499984741211,112.80999755859375,111.05000305175781,111.58000183105469,4839100,0.0,0.0,-0.24189595575798695,107.39640014648438,108.68592483520507
2025-08-27 00:00:00-04:00,112.68000030517578,114.19999694824219,112.12000274658203,112.77999877929688,3451400,0.0,0.0,1.194433632043368,107.53380020141601,108.69579704284668
2025-08-28 00:00:00-04:00,112.63999938964844,112.94000244140625,111.4000015258789,112.79000091552734,2559100,0.0,0.0,-0.03549956994942649,107.68480026245118,108.70318191528321
2025-08-29 00:00:00-04:00,113.77999877929688,113.95999908447266,112.19000244140625,112.41000366210938,2827600,0.0,0.0,1.012073327259988,107.85880020141602,108.70838283538818
2025-09-02 00:00:00-04:00,111.30000305175781,112.58000183105469,111.01000213623047,112.25,3396000,0.0,0.0,-2.179641197175264,107.97100021362304,108.70960300445557
2025-09-03 00:00:00-04:00,110.94999694824219,112.25,110.87000274658203,111.0,3333700,0.0,0.0,-0.3144708840240207,108.04740020751953,108.71564308166504
2025-09-04 00:00:00-04:00,112.61000061035156,112.80999755859375,110.51000213623047,111.25,2499500,0.0,0.0,1.496172787533978,108.1370002746582,108.71139274597168
2025-09-05 00:00:00-04:00,113.6500015258789,114.94999694824219,112.9800033569336,113.58999633789062,2595800,0.0,0.0,0.9235422341625776,108.31440032958984,108.72119960784912
2025-09-08 00:00:00-04:00,113.55999755859375,113.76000213623047,111.66000366210938,112.16999816894531,2791100,0.0,0.0,-0.07919398686911938,108.49780029296875,108.73702907562256
2025-09-09 00:00:00-04:00,111.97000122070312,113.9800033569336,111.55000305175781,113.27999877929688,5307200,0.0,0.0,-1.400137699959203,108.62480026245117,108.73892261505127
2025-09-10 00:00:00-04:00,110.9800033569336,112.29000091552734,110.5999984741211,111.91000366210938,3118900,0.0,0.0,-0.8841634839479529,108.74200027465821,108.73353023529053
2025-09-11 00:00:00-04:00,114.81999969482422,115.66999816894531,111.0,111.30999755859375,5039900,0.0,0.0,3.460079493366419,108.90680023193359,108.7502091217041
2025-09-12 00:00:00-04:00,115.3499984741211,115.91000366210938,114.16999816894531,114.86000061035156,3547400,0.0,0.0,0.46159099521472235,109.04760025024414,108.77231193542481
2025-09-15 00:00:00-04:00,114.26000213623047,115.97000122070312,113.68499755859375,115.29000091552734,2088628,0.0,0.0,-0.9449469894316165,109.17240036010742,108.78005886077881
